"DatabaseName","SchemaName","TableName","Rows"
"Adnan","dbo","AccountMoveLog","0"
"Adnan","dbo","ACCOUNTS","2123"
"Adnan","dbo","ACCOUNTS_BeforeHiddenCharsCleanup","2083"
"Adnan","dbo","accounts_temp","0"
"Adnan","dbo","AccountSetting","0"
"Adnan","dbo","AccountsLevels","1"
"Adnan","dbo","AccountsLevelsDetails","6"
"Adnan","dbo","ACTIVITIES_type","2"
"Adnan","dbo","Ageng_type","5"
"Adnan","dbo","AgengItem_type","0"
"Adnan","dbo","aixTable","181"
"Adnan","dbo","ApprovalData","0"
"Adnan","dbo","AqarRquestAndQutaion","0"
"Adnan","dbo","Arrows","0"
"Adnan","dbo","ArrowsCompanies","0"
"Adnan","dbo","ArrowsGroup","0"
"Adnan","dbo","ArrowsTransactions","0"
"Adnan","dbo","Attendance_and_late","0"
"Adnan","dbo","Attendance_and_late_details","0"
"Adnan","dbo","BalanceSheetReport","0"
"Adnan","dbo","BalanceSheetView","0"
"Adnan","dbo","BalanceSheetViewAccounts","0"
"Adnan","dbo","BanksData","12"
"Adnan","dbo","Bockets","0"
"Adnan","dbo","BOXs","0"
"Adnan","dbo","branches","1"
"Adnan","dbo","cachierData","0"
"Adnan","dbo","CARD","1"
"Adnan","dbo","Cash_flow","0"
"Adnan","dbo","CENTER_MANAGER","1"
"Adnan","dbo","ChequePrint","0"
"Adnan","dbo","ClassCustomers","0"
"Adnan","dbo","CLYTable","65"
"Adnan","dbo","Coding","8"
"Adnan","dbo","ConflictTest","6"
"Adnan","dbo","ContainerContracts","0"
"Adnan","dbo","ContainerContractsDet","0"
"Adnan","dbo","ContainerContractsRec","0"
"Adnan","dbo","ContainerContractsRecDet","0"
"Adnan","dbo","ContainerUnloading","0"
"Adnan","dbo","Contract","0"
"Adnan","dbo","contract_type","2"
"Adnan","dbo","ContracttBillInstallmentsDone","9591"
"Adnan","dbo","CostCenter","0"
"Adnan","dbo","Create_field","0"
"Adnan","dbo","Create_Table","0"
"Adnan","dbo","currency","5"
"Adnan","dbo","CusJuncItem","0"
"Adnan","dbo","CustomersFollow","0"
"Adnan","dbo","CustomersFollowDetails","0"
"Adnan","dbo","dean","3"
"Adnan","dbo","DEPARTMENT","2"
"Adnan","dbo","DOUBLE_ENTREY_VOUCHERS","74446"
"Adnan","dbo","DOUBLE_ENTREY_VOUCHERS1","716"
"Adnan","dbo","DOUBLE_ENTREY_VOUCHERS2","0"
"Adnan","dbo","dtproperties","7"
"Adnan","dbo","edictionary","1971"
"Adnan","dbo","emp_contract_type","3"
"Adnan","dbo","emp_mofrad","0"
"Adnan","dbo","emp_salary","0"
"Adnan","dbo","EmpGroupDep","1"
"Adnan","dbo","EmpGroupDep1","1"
"Adnan","dbo","employee_operations_type","5"
"Adnan","dbo","Employee_salary_col","1"
"Adnan","dbo","EmpSalaryComponent","5"
"Adnan","dbo","End_of_service","0"
"Adnan","dbo","End_of_serviceDetails","0"
"Adnan","dbo","equation","0"
"Adnan","dbo","equation_details","0"
"Adnan","dbo","ExpensesDetails","232"
"Adnan","dbo","ExpensesSearial","1350"
"Adnan","dbo","ExpensesType","63"
"Adnan","dbo","FinancialEquations","1"
"Adnan","dbo","FinancialEquationsData","2"
"Adnan","dbo","FinancialEquationsHistory","1"
"Adnan","dbo","FinancialMarkets","0"
"Adnan","dbo","Fine_TYPES","2"
"Adnan","dbo","FineS","3"
"Adnan","dbo","FINES_DETAILS","4"
"Adnan","dbo","fixed_accounts","21"
"Adnan","dbo","FixedAssetInstallments","85"
"Adnan","dbo","FixedAssetInstallmentsDetails","1655"
"Adnan","dbo","FixedAssets","44"
"Adnan","dbo","FixedAssetsGroup","8"
"Adnan","dbo","FixedAssetsGroupsAccount","0"
"Adnan","dbo","foxy","1"
"Adnan","dbo","FoxySerial","40"
"Adnan","dbo","FoxySerial2","0"
"Adnan","dbo","FXSerialInvesment","0"
"Adnan","dbo","Gbasic","0"
"Adnan","dbo","GranteeType","0"
"Adnan","dbo","Groups","1"
"Adnan","dbo","groups_account_in_inventory","0"
"Adnan","dbo","GroupsCustomers","0"
"Adnan","dbo","gurantee_type","0"
"Adnan","dbo","InfoSettings","1"
"Adnan","dbo","InfoSettings1","0"
"Adnan","dbo","InstallMent","0"
"Adnan","dbo","INSTALLMENT_DETAILS","0"
"Adnan","dbo","InstallmentDet_Junc_Receipt","0"
"Adnan","dbo","InstallMentDetails","0"
"Adnan","dbo","Installments","0"
"Adnan","dbo","Installments_TYPES","2"
"Adnan","dbo","insurance_class","3"
"Adnan","dbo","insurance_companies","1"
"Adnan","dbo","insurancetype","2"
"Adnan","dbo","ItemsDetails","0"
"Adnan","dbo","ItemsGranteeType","0"
"Adnan","dbo","ItemsParts","0"
"Adnan","dbo","ItemsPrice","0"
"Adnan","dbo","ItemsPriceIsPerv","0"
"Adnan","dbo","jopstatus","7"
"Adnan","dbo","JuncPrice","0"
"Adnan","dbo","KED_DAWRY","57"
"Adnan","dbo","ked_desc","13"
"Adnan","dbo","ked_types","0"
"Adnan","dbo","Land_Planner","0"
"Adnan","dbo","LCTypes","3"
"Adnan","dbo","lec","0"
"Adnan","dbo","Legalcourts","0"
"Adnan","dbo","LegalIssues","0"
"Adnan","dbo","LegalIssuesData","0"
"Adnan","dbo","LegalIssuesTrans","0"
"Adnan","dbo","LockedDates","0"
"Adnan","dbo","LogFile","74272"
"Adnan","dbo","losed_card","1"
"Adnan","dbo","MaintenanceJuncTransaction","0"
"Adnan","dbo","MaintenanceType","2"
"Adnan","dbo","MaintenanceTypes","0"
"Adnan","dbo","marakes_taklefa_temp","0"
"Adnan","dbo","Marakes_taklefa_type","4"
"Adnan","dbo","markaas_taklefa","10"
"Adnan","dbo","markaas_taklefa1","1"
"Adnan","dbo","masrouf","0"
"Adnan","dbo","MasterDataImportBatch","0"
"Adnan","dbo","MasterDataImportJournalFileLog","0"
"Adnan","dbo","MedicalContractingType","3"
"Adnan","dbo","member_activity","0"
"Adnan","dbo","MEMBER_CHILD","3"
"Adnan","dbo","MEMBER_TYPES","3"
"Adnan","dbo","MEMBERS","1"
"Adnan","dbo","Messages","0"
"Adnan","dbo","MessageTempltes","0"
"Adnan","dbo","mister_spec","1"
"Adnan","dbo","mofrad","40"
"Adnan","dbo","mofrdat","4"
"Adnan","dbo","mowazna","0"
"Adnan","dbo","mowazna_details","0"
"Adnan","dbo","Nationality","12"
"Adnan","dbo","new_members","3"
"Adnan","dbo","NewTempTable","0"
"Adnan","dbo","Notes","18927"
"Adnan","dbo","notes_all","907"
"Adnan","dbo","Notes1","5"
"Adnan","dbo","OPERATION_DETAILS","0"
"Adnan","dbo","OPERATIONS","0"
"Adnan","dbo","OperationsFollow","0"
"Adnan","dbo","OperationsFollowDetails","0"
"Adnan","dbo","opr_Employee","0"
"Adnan","dbo","opr_employee_details","0"
"Adnan","dbo","opr_expenses","0"
"Adnan","dbo","Pmanger","50"
"Adnan","dbo","posdata","0"
"Adnan","dbo","project_bill_details","0"
"Adnan","dbo","project_billl","0"
"Adnan","dbo","project_billl_Month","0"
"Adnan","dbo","project_category","0"
"Adnan","dbo","project_status","4"
"Adnan","dbo","ProjectBillBuy","0"
"Adnan","dbo","ProjectBillBuy1","0"
"Adnan","dbo","ProjectMainDes","0"
"Adnan","dbo","ProJectMofrd","0"
"Adnan","dbo","ProJectMofrdSalar","0"
"Adnan","dbo","projects","16"
"Adnan","dbo","projects_des","33"
"Adnan","dbo","Projectssub","0"
"Adnan","dbo","QryEmpSalDetails","0"
"Adnan","dbo","QryRepEmpAllValues","0"
"Adnan","dbo","ready_to_print","21"
"Adnan","dbo","ReceiptQest","0"
"Adnan","dbo","ReciveDetails","231"
"Adnan","dbo","relations","2"
"Adnan","dbo","renew_member","0"
"Adnan","dbo","salary_voucher","0"
"Adnan","dbo","sanad_dean","1"
"Adnan","dbo","sanad_numbering","249"
"Adnan","dbo","sandat_ked","0"
"Adnan","dbo","sandat_ked_details","0"
"Adnan","dbo","Schoolyears","0"
"Adnan","dbo","ScreenJuncUser","1554"
"Adnan","dbo","Screens","750"
"Adnan","dbo","SendMessage","0"
"Adnan","dbo","services","4"
"Adnan","dbo","SessionDate","0"
"Adnan","dbo","ShiftMaintType","0"
"Adnan","dbo","ShiftRec","0"
"Adnan","dbo","Shipment_mode","3"
"Adnan","dbo","Shipments","0"
"Adnan","dbo","Shipments_details","0"
"Adnan","dbo","SPHTable","161"
"Adnan","dbo","Stables","0"
"Adnan","dbo","STOP_MEMBER_TYPE","3"
"Adnan","dbo","streets","0"
"Adnan","dbo","SubcontractorContract","0"
"Adnan","dbo","SubcontractorContract2","0"
"Adnan","dbo","Subject_doc","955"
"Adnan","dbo","subject_templates","0"
"Adnan","dbo","subjects_images","6"
"Adnan","dbo","Subscription_TYPES","3"
"Adnan","dbo","SuperTech","0"
"Adnan","dbo","Supervisors","0"
"Adnan","dbo","SystemVersion","1"
"Adnan","dbo","Table_Pictures","0"
"Adnan","dbo","takeem","2"
"Adnan","dbo","TbExpensespaidAdvanced","0"
"Adnan","dbo","TbExpensespaidJoin","0"
"Adnan","dbo","TbExpensesprovided","0"
"Adnan","dbo","Tbl_BusinessDialy","0"
"Adnan","dbo","Tbl_BusinessDialyDet","0"
"Adnan","dbo","TBL_measureMent","0"
"Adnan","dbo","TBL_measureMent2","0"
"Adnan","dbo","Tbl_TradingContract","0"
"Adnan","dbo","Tbl_TradingContractDet","0"
"Adnan","dbo","Tbl_TradingContractInv","0"
"Adnan","dbo","Tbl_TradingContractInvDet","0"
"Adnan","dbo","Tbl_TransOrder","0"
"Adnan","dbo","tblAbsent","0"
"Adnan","dbo","TblAcceleratePayment","0"
"Adnan","dbo","TblAcceleratePaymentDet","0"
"Adnan","dbo","TblAccidentReport","0"
"Adnan","dbo","TblAccidentReportDet","0"
"Adnan","dbo","TblAccountBranch","28"
"Adnan","dbo","TblAccountIntervals","84"
"Adnan","dbo","TblAccountsDestributions","0"
"Adnan","dbo","TblAccountsDestributionsDetails","0"
"Adnan","dbo","TblAccountsDestributionsIntervals","0"
"Adnan","dbo","TblAccountUser","15"
"Adnan","dbo","TblActivateInvestment","0"
"Adnan","dbo","TblActivateInvestmentDet","0"
"Adnan","dbo","tblActivitesType","1"
"Adnan","dbo","TblAddExceptionDays","0"
"Adnan","dbo","TblAdditionsAssest","5"
"Adnan","dbo","TblAdjectiveFarm","0"
"Adnan","dbo","TblAdminSanction","0"
"Adnan","dbo","TblAdvancedHousing","0"
"Adnan","dbo","TblAge","0"
"Adnan","dbo","TblAging","0"
"Adnan","dbo","TblAirlines","0"
"Adnan","dbo","TblAirport","0"
"Adnan","dbo","tblAkarType","2"
"Adnan","dbo","TblAkarUnit","13"
"Adnan","dbo","TblAlarmQuntity","0"
"Adnan","dbo","TblAlarmType","1"
"Adnan","dbo","TblAmoutType","6"
"Adnan","dbo","TblAotherItems","0"
"Adnan","dbo","TblAppointmentlist","0"
"Adnan","dbo","TblAppointmentlist2","0"
"Adnan","dbo","TblApprovalDef","0"
"Adnan","dbo","TblApprovalDefDetails","0"
"Adnan","dbo","TblApproveCompoYear","0"
"Adnan","dbo","TblApproveCompoYearDet","0"
"Adnan","dbo","TblApproveShift","0"
"Adnan","dbo","TblApproveShiftDet","0"
"Adnan","dbo","TblAproveInvoice","0"
"Adnan","dbo","TblAqar","28"
"Adnan","dbo","TblAqarCommissions","9869"
"Adnan","dbo","TblAqarDetai","367"
"Adnan","dbo","TblAqarDetai2","0"
"Adnan","dbo","TblAqarDetai3","0"
"Adnan","dbo","TblAqrCompenet","10"
"Adnan","dbo","TblAqrCompenetDet","14"
"Adnan","dbo","TblAqrEarnest","0"
"Adnan","dbo","TblAqrOwin","0"
"Adnan","dbo","TblAssestes","44"
"Adnan","dbo","TblAttendance","0"
"Adnan","dbo","TblAttendanceDet","0"
"Adnan","dbo","TblAttributionContract","0"
"Adnan","dbo","TblAttributionInstallmentDivided","0"
"Adnan","dbo","TblAveragGrm","0"
"Adnan","dbo","TblBalanceSheetDetails","0"
"Adnan","dbo","TblBalanceSheetHeader","0"
"Adnan","dbo","TblBankPledge","0"
"Adnan","dbo","TblBankPledge2","0"
"Adnan","dbo","TblBankPledge3","0"
"Adnan","dbo","TblBankPledge4","0"
"Adnan","dbo","tblbanksCheques","0"
"Adnan","dbo","tblbanksChequesDetails","0"
"Adnan","dbo","TblBanksCollect","0"
"Adnan","dbo","TblBanksCollectDetails","0"
"Adnan","dbo","TblBanksDeposite","141"
"Adnan","dbo","TblBanksDepositeDetails","140"
"Adnan","dbo","TBLBankSettlement","0"
"Adnan","dbo","TBLBankSettlementJoin","0"
"Adnan","dbo","TblBarcodePrinting","0"
"Adnan","dbo","TblBarcodePrintingDet","0"
"Adnan","dbo","tblBaseCurve","0"
"Adnan","dbo","TblBatchSheet","0"
"Adnan","dbo","TblBatchSheetDet","0"
"Adnan","dbo","TblBillBuyPayment","0"
"Adnan","dbo","TblBillBuyPayment2","0"
"Adnan","dbo","TblBillComputerChek","0"
"Adnan","dbo","TblBillComputerChekDetails","0"
"Adnan","dbo","TblBillProjectPayment","0"
"Adnan","dbo","TblBillVindorPayment","0"
"Adnan","dbo","TblboKRegister","0"
"Adnan","dbo","TblBookingBondsInvs","0"
"Adnan","dbo","TblBookingBondsInvsDet","0"
"Adnan","dbo","TblBookingRequest","0"
"Adnan","dbo","tblbookingrequest2","0"
"Adnan","dbo","TblBoxesData","6"
"Adnan","dbo","tblBoxesTemp","0"
"Adnan","dbo","TblBoxStock","0"
"Adnan","dbo","TblBoxStockDetails","0"
"Adnan","dbo","TblBranchesData","3"
"Adnan","dbo","tblBrands","0"
"Adnan","dbo","tblBreaking","0"
"Adnan","dbo","TblBusesDistribution","0"
"Adnan","dbo","TblBusesDistributionDet","0"
"Adnan","dbo","TblBuyBilllInvestment","0"
"Adnan","dbo","TblBuyBilllInvestmentDet","0"
"Adnan","dbo","TblBuyLanReEst","0"
"Adnan","dbo","TblBuyLanReEstInsta","0"
"Adnan","dbo","TblCameraLocations","1"
"Adnan","dbo","TblCaptinTrans","0"
"Adnan","dbo","TblCaptinTrans2","0"
"Adnan","dbo","TblCarBillMentains","0"
"Adnan","dbo","TblCarBillMentainsDetils","0"
"Adnan","dbo","TblCardAuthorizationReform","0"
"Adnan","dbo","TblCardAuthorizationReformDetails","0"
"Adnan","dbo","TblCardAuthorizationReformItems","0"
"Adnan","dbo","TblCardAuthoSerial","0"
"Adnan","dbo","tblCarDrivers","0"
"Adnan","dbo","TblCarExpenses","0"
"Adnan","dbo","TblCarKMFOLLOW","0"
"Adnan","dbo","TblCarKMFOLLOWDetails","0"
"Adnan","dbo","tblCarMaint","0"
"Adnan","dbo","TblCarMaintenancePlan","0"
"Adnan","dbo","TblCarMaintenancePlanDetails","0"
"Adnan","dbo","TblCarModels","0"
"Adnan","dbo","TblCarOrderVouchers","0"
"Adnan","dbo","TblCarOrderVouchers2","0"
"Adnan","dbo","TblCarReceipt","0"
"Adnan","dbo","TblCarsData","0"
"Adnan","dbo","TblCarsDataDet","0"
"Adnan","dbo","TBLCarTypes","0"
"Adnan","dbo","TbLCashFollow","0"
"Adnan","dbo","TblCategoryFarm","0"
"Adnan","dbo","TblChangedComponentRegister","0"
"Adnan","dbo","TblChangedComponentRegisterDetails","0"
"Adnan","dbo","TblChangeEmployeedata","0"
"Adnan","dbo","TblChangeEmployeedataDetails","0"
"Adnan","dbo","TblCheckRelease","0"
"Adnan","dbo","TblCheckReleaseType","4"
"Adnan","dbo","TblChecqueBoxContent","0"
"Adnan","dbo","TblChecqueBoxContent1","0"
"Adnan","dbo","TBLCitiesDistance","0"
"Adnan","dbo","TblCitiesDistanceVendor","0"
"Adnan","dbo","TblClass","4"
"Adnan","dbo","TblClearanceCertificate","0"
"Adnan","dbo","TblClientTransContr","0"
"Adnan","dbo","TblClientTransContrDet","0"
"Adnan","dbo","TBLClosePos","0"
"Adnan","dbo","TBLClosePosTmp","0"
"Adnan","dbo","tblCoating","0"
"Adnan","dbo","tblCollections","0"
"Adnan","dbo","TblColor","0"
"Adnan","dbo","TblCombositAccount","0"
"Adnan","dbo","TblCombositAccountDetails","0"
"Adnan","dbo","TblCommisionTypes","2"
"Adnan","dbo","TblCommisRece","0"
"Adnan","dbo","TblCommisReceDetails","0"
"Adnan","dbo","TblCompaniesGroup","0"
"Adnan","dbo","TblCompanyContract","0"
"Adnan","dbo","TblCompanyContractDet","0"
"Adnan","dbo","TblCompareQutations","0"
"Adnan","dbo","TblComparPrice","0"
"Adnan","dbo","TblComparPriceDet","0"
"Adnan","dbo","TblCompo","0"
"Adnan","dbo","TblComponentYear","0"
"Adnan","dbo","TblComponentYearDet","0"
"Adnan","dbo","TblComponentYearDet2","0"
"Adnan","dbo","TblComputerChek","0"
"Adnan","dbo","TblConfirmVacation","0"
"Adnan","dbo","TblConfirmVacation_Details","0"
"Adnan","dbo","TblConfirmViolation","0"
"Adnan","dbo","TblContract","2127"
"Adnan","dbo","TBLContractAuto","0"
"Adnan","dbo","TblContractDet","0"
"Adnan","dbo","TblContractDetails","0"
"Adnan","dbo","tblContractInsAllocations","259"
"Adnan","dbo","tblContractInsAllocations1","84"
"Adnan","dbo","tblContractInsAllocationsDetails","5060"
"Adnan","dbo","tblContractInsAllocationsDetails1","8627"
"Adnan","dbo","tblContractInsAllocationsDetails2","24860"
"Adnan","dbo","TblContractInstallDisco","0"
"Adnan","dbo","TblContractInstallDisco2","0"
"Adnan","dbo","TblContractInstallments","7878"
"Adnan","dbo","TblContractInstallmentsHist","127"
"Adnan","dbo","TblContractInstallmentsOld","245"
"Adnan","dbo","TblContractReVouch","0"
"Adnan","dbo","TblCOntractSales","2120"
"Adnan","dbo","TblContrStudent","0"
"Adnan","dbo","TblContrStudentDet","0"
"Adnan","dbo","TblCorBalaCus","2"
"Adnan","dbo","TblCorBalaCusDet","1842"
"Adnan","dbo","TblCorrectaction","0"
"Adnan","dbo","TblCountriesData","270"
"Adnan","dbo","TblCountriesGovernments","10"
"Adnan","dbo","TblCountriesGovernmentsCities","41"
"Adnan","dbo","TblCoupons","0"
"Adnan","dbo","TblCouponsDet","0"
"Adnan","dbo","TblCreditFacicity","0"
"Adnan","dbo","TblCreditFacicityDetails1","0"
"Adnan","dbo","tblCriteriaSettings","0"
"Adnan","dbo","tblCriteriaSettingsDetails","0"
"Adnan","dbo","TblCurrencyBandNames","10"
"Adnan","dbo","TblCusCar","0"
"Adnan","dbo","TblCusCsh","0"
"Adnan","dbo","TblCusOrderNo","0"
"Adnan","dbo","TblCustemers","817"
"Adnan","dbo","TblCustomerAlarm","2"
"Adnan","dbo","TblCustomerComplaint","0"
"Adnan","dbo","TblCustomerContract","0"
"Adnan","dbo","TblCustomerContractDetails","0"
"Adnan","dbo","TblCustomerContractDetailsGroups","0"
"Adnan","dbo","tblCustomerFingers","0"
"Adnan","dbo","TblCustomerPoints","0"
"Adnan","dbo","TblCustomerSizes","0"
"Adnan","dbo","TblCustomersLocations","0"
"Adnan","dbo","TblCustomerType","2"
"Adnan","dbo","TblCustResp","0"
"Adnan","dbo","TblCustResp2","0"
"Adnan","dbo","TBLdAILYSALES","0"
"Adnan","dbo","TblDailyWorkflow","0"
"Adnan","dbo","TblDailyWorkflowDet","0"
"Adnan","dbo","TblDataTypeExchange","0"
"Adnan","dbo","TblDeducationNote","0"
"Adnan","dbo","TblDeduction","0"
"Adnan","dbo","TblDeductionDet","0"
"Adnan","dbo","TblDefComItem","0"
"Adnan","dbo","TblDefComItemData","0"
"Adnan","dbo","TblDefComItemDet","0"
"Adnan","dbo","TblDefin","0"
"Adnan","dbo","TblDefinDetails","0"
"Adnan","dbo","TblDeported","0"
"Adnan","dbo","tblDesign","0"
"Adnan","dbo","TblDesignReport","1"
"Adnan","dbo","TblDetailsAdoption","0"
"Adnan","dbo","TblDetailsAdoptionDet","0"
"Adnan","dbo","tblDIAM","0"
"Adnan","dbo","TblDiamonds","0"
"Adnan","dbo","TblDistriExpensItem","0"
"Adnan","dbo","TblDistriExpensItemDet1","0"
"Adnan","dbo","TblDistriExpensItemDet2","0"
"Adnan","dbo","TblDistriExpensItemDet3","0"
"Adnan","dbo","TblDivInvesment","0"
"Adnan","dbo","TblDivInvesmentDet","0"
"Adnan","dbo","TblDivInvesmentDetCheld","0"
"Adnan","dbo","TblDivInvestInformation","0"
"Adnan","dbo","tblDivision","0"
"Adnan","dbo","tblDoctorsType","0"
"Adnan","dbo","TblDoCumentsTypes","0"
"Adnan","dbo","TblDriverAllocation","0"
"Adnan","dbo","TblDriverAllocation_Details","0"
"Adnan","dbo","TblDriverTrip","0"
"Adnan","dbo","TblDurations","0"
"Adnan","dbo","TblDurations_Details","0"
"Adnan","dbo","TblDurations_details2","0"
"Adnan","dbo","Tbldurations2","0"
"Adnan","dbo","TblDurations2Salary","0"
"Adnan","dbo","TblEditItemCost","0"
"Adnan","dbo","TblEditItemCostDet","0"
"Adnan","dbo","tblEInvoice","0"
"Adnan","dbo","tblEInvoice2","0"
"Adnan","dbo","TblEmbarkation","0"
"Adnan","dbo","TblEmpAdvance","0"
"Adnan","dbo","TblEmpADvancedComponents","0"
"Adnan","dbo","TblEmpADvancedComponentsDetails","0"
"Adnan","dbo","TblEmpAdvanceDetails","0"
"Adnan","dbo","TblEmpAdvancePayed","0"
"Adnan","dbo","TblEmpAdvancePayedDet","0"
"Adnan","dbo","TblEmpAdvanceRequest","0"
"Adnan","dbo","TblEmpAdvanceRequestDetails","0"
"Adnan","dbo","TblEmpAdvanceRequestDetails2","0"
"Adnan","dbo","TblEmpAllocations","0"
"Adnan","dbo","TblEmpAllocationsDetails","0"
"Adnan","dbo","TblEmpAsest","0"
"Adnan","dbo","TblEmpAsestDetails","0"
"Adnan","dbo","TblEmpData","0"
"Adnan","dbo","TblEmpDataFingerPrint","0"
"Adnan","dbo","TblEmpDataInOut","0"
"Adnan","dbo","TblEmpDepartments","8"
"Adnan","dbo","TblEmpDepartmentsDet","0"
"Adnan","dbo","TblEmpDetails","0"
"Adnan","dbo","TblEmpEvaluation","0"
"Adnan","dbo","TblEmpGrades","0"
"Adnan","dbo","TblEmpHolidaysDetails","0"
"Adnan","dbo","TblEmpIncreaseMofrd","0"
"Adnan","dbo","TblEmpIncreaseSalary","0"
"Adnan","dbo","TblEmpIncreaseSalaryDetalis","0"
"Adnan","dbo","TblEmpItemsTrans","0"
"Adnan","dbo","TblEmpItemsTrans2","0"
"Adnan","dbo","TblEmpJobOrder","0"
"Adnan","dbo","TblEmpJobsTypes","13"
"Adnan","dbo","TblEmployee","16"
"Adnan","dbo","TblEmployeeWarrning","0"
"Adnan","dbo","TblEmploymentModel","0"
"Adnan","dbo","TblEmploymentModelDet","0"
"Adnan","dbo","TblEmploymentNeed","0"
"Adnan","dbo","TblEmploymentNeedDet","0"
"Adnan","dbo","TblEmpMofrd","0"
"Adnan","dbo","TblEmpOper","0"
"Adnan","dbo","TblEmpPassOver","0"
"Adnan","dbo","TblEmpPassOver2","0"
"Adnan","dbo","TblEmpReign","0"
"Adnan","dbo","TblEmpSpecifications","0"
"Adnan","dbo","TblEndDebtAgingInv","0"
"Adnan","dbo","TblEndDebtAgingInvDet","0"
"Adnan","dbo","TblEndDebtAgingInvDet2","0"
"Adnan","dbo","TblEndorseTrans","0"
"Adnan","dbo","TblEndorseTransDet","0"
"Adnan","dbo","TblEndorseTransMashar","0"
"Adnan","dbo","TblEquepment","0"
"Adnan","dbo","TblEquiCapacity","0"
"Adnan","dbo","TblEquipments","0"
"Adnan","dbo","TblEquipments1","0"
"Adnan","dbo","TblEquipmentsDes","0"
"Adnan","dbo","TblEstametChiled","0"
"Adnan","dbo","TblEstiation","0"
"Adnan","dbo","TblEstiationBudgetDetails","0"
"Adnan","dbo","TblEstiationDetails","0"
"Adnan","dbo","TblEstiationYaersDetails","0"
"Adnan","dbo","TblEvacation","0"
"Adnan","dbo","TblEvaluaEntit","0"
"Adnan","dbo","TblEvaluaEntitDet","0"
"Adnan","dbo","TblEvaluation","0"
"Adnan","dbo","TblEvaluation_Details","0"
"Adnan","dbo","TblEvaluation_Employee","0"
"Adnan","dbo","TblEvaluationStandered","0"
"Adnan","dbo","TblEvaluationStandered_Details","0"
"Adnan","dbo","TblExchange","0"
"Adnan","dbo","TblExchangeDet","0"
"Adnan","dbo","TblExchangeReques_Detailst","0"
"Adnan","dbo","TblExchangeReques_Detailst2","0"
"Adnan","dbo","TblExchangeRequest","0"
"Adnan","dbo","TblExchangeRequest2","0"
"Adnan","dbo","TblExitvisasReturn","0"
"Adnan","dbo","TblExitvisasReturnDet","0"
"Adnan","dbo","TblExp301UnitNo","990"
"Adnan","dbo","TblExpensesDet","1119"
"Adnan","dbo","TblExpensesDet301","4163"
"Adnan","dbo","TblExpensesDetVouch","0"
"Adnan","dbo","TblExpensesInvesment","0"
"Adnan","dbo","TblExpensesInvesmentDet","0"
"Adnan","dbo","TblExpensiveOper","0"
"Adnan","dbo","TblExpUnitNo","11"
"Adnan","dbo","TblExpUnitNoVouch","1"
"Adnan","dbo","TblExpUnitNoVouch1","0"
"Adnan","dbo","TblExtinAccounts","0"
"Adnan","dbo","TblExtinAccountsDer","0"
"Adnan","dbo","TblExtraExpeneses","0"
"Adnan","dbo","TblFarmAnimalDeath","0"
"Adnan","dbo","TblFarmAnimalRegister","0"
"Adnan","dbo","TblFarmAnimalRegister2","0"
"Adnan","dbo","TblFarmColors","0"
"Adnan","dbo","TblFarmDoctors","0"
"Adnan","dbo","TblFarmRequestTreatment","0"
"Adnan","dbo","TblFarmRequestTreatment2","0"
"Adnan","dbo","TblFinalSettl","0"
"Adnan","dbo","TblFinaStatem","0"
"Adnan","dbo","TblFinaStatemDet","0"
"Adnan","dbo","TblFinished","0"
"Adnan","dbo","TblFiterWaiver","470"
"Adnan","dbo","TblFiterWaiverDe","252"
"Adnan","dbo","TblFiterWaiverDet2","939"
"Adnan","dbo","TblFixedAssestTmpValue","0"
"Adnan","dbo","TblFlightDetails","0"
"Adnan","dbo","TblFlightDetails2","0"
"Adnan","dbo","TblFollowUpAdminMeasure","0"
"Adnan","dbo","TblFollowUpAdminMeasureDetails","0"
"Adnan","dbo","tblFromWeb","0"
"Adnan","dbo","TblGemstones","0"
"Adnan","dbo","tblGeneralCashing","0"
"Adnan","dbo","tblGeneralCashing1","0"
"Adnan","dbo","tblGeneralCashing1Details","0"
"Adnan","dbo","tblGeneralCashingDetails","0"
"Adnan","dbo","tblGeneralCashingDetailsCus","0"
"Adnan","dbo","TBLGeneralFRJoin","0"
"Adnan","dbo","TBLGeneralFundReceipt","0"
"Adnan","dbo","TblGestonesFrm","0"
"Adnan","dbo","TblGoldDetail","0"
"Adnan","dbo","TblGridguranteeSales","0"
"Adnan","dbo","tblGroupEye","0"
"Adnan","dbo","TblGroupItemProductLine","0"
"Adnan","dbo","TblGroupItemProductLineUsersset","6173"
"Adnan","dbo","TblGroupQCItems","0"
"Adnan","dbo","TblGroupUsers","0"
"Adnan","dbo","TblGroupUsersDet","0"
"Adnan","dbo","TblGType","5"
"Adnan","dbo","TblHandWages","0"
"Adnan","dbo","TblHandWages2","0"
"Adnan","dbo","TblHarborsData","0"
"Adnan","dbo","TblHealthy","0"
"Adnan","dbo","tblHolidayData","0"
"Adnan","dbo","TblHolidays","0"
"Adnan","dbo","Tblholidays2","0"
"Adnan","dbo","TblHotels","0"
"Adnan","dbo","TblImportShifts","0"
"Adnan","dbo","TblImportShiftsDet","0"
"Adnan","dbo","TblImportShiftsDet2","0"
"Adnan","dbo","tblIndexs","0"
"Adnan","dbo","TblInforVacatiom","0"
"Adnan","dbo","TblInjury","0"
"Adnan","dbo","TblInstallmentsReq","0"
"Adnan","dbo","TblInstalVacation","0"
"Adnan","dbo","TblInstalVacationDet","0"
"Adnan","dbo","TblInstructors","0"
"Adnan","dbo","TBLInsurances","0"
"Adnan","dbo","TBLInsurancesJoin","0"
"Adnan","dbo","TblInvesOpenSales","0"
"Adnan","dbo","TblInvestliquidation","0"
"Adnan","dbo","Tblinvestment","0"
"Adnan","dbo","TblInvestmentsGroup","0"
"Adnan","dbo","TblInvestorsGroup","0"
"Adnan","dbo","TblInvestorType","0"
"Adnan","dbo","TblInvestProfitDistri","0"
"Adnan","dbo","TblInvestProfitDistriDet","0"
"Adnan","dbo","TblInvoiceError","0"
"Adnan","dbo","TblIPO","0"
"Adnan","dbo","TblIPOSharer","0"
"Adnan","dbo","TblIqarDiscountTrans","0"
"Adnan","dbo","TblIqarDiscountTrans2","0"
"Adnan","dbo","TblIqrMerg","184"
"Adnan","dbo","TblIssuBillStudent","0"
"Adnan","dbo","TblIssuBillStudentDet","0"
"Adnan","dbo","TblItemCatalog","0"
"Adnan","dbo","TblItemDiamonds","0"
"Adnan","dbo","TblItemGorupShowDitailses","0"
"Adnan","dbo","TblItemLoc","0"
"Adnan","dbo","TblItemProductLine","0"
"Adnan","dbo","TblItems","0"
"Adnan","dbo","TblItemsAttach","0"
"Adnan","dbo","tblItemsCash","0"
"Adnan","dbo","TblItemsclasses","3"
"Adnan","dbo","TblItemsclassesDetails","0"
"Adnan","dbo","TblItemsColors","24"
"Adnan","dbo","TblItemsDetails11","0"
"Adnan","dbo","TblItemShInfo","0"
"Adnan","dbo","TblItemShow","0"
"Adnan","dbo","TblItemShowBranch","0"
"Adnan","dbo","TblItemShowDitails","0"
"Adnan","dbo","TblItemShowDitailses","0"
"Adnan","dbo","TblItemShows","0"
"Adnan","dbo","tblItemsMatrix","0"
"Adnan","dbo","TblItemsParts","0"
"Adnan","dbo","TblItemsPrices","0"
"Adnan","dbo","TblItemsSizes","16"
"Adnan","dbo","TblItemsUnits","0"
"Adnan","dbo","TblItServiceTicket","0"
"Adnan","dbo","TblJobOrders","0"
"Adnan","dbo","TblJobOrders2","0"
"Adnan","dbo","TblJobOrdersTasks","0"
"Adnan","dbo","TblJobOrdersTasks2","0"
"Adnan","dbo","tblJunkAbsent","0"
"Adnan","dbo","tblKhsmEdafa","0"
"Adnan","dbo","TblLastVacation","0"
"Adnan","dbo","TblLastVacationDet","0"
"Adnan","dbo","TblLC","0"
"Adnan","dbo","TBLLCHistory","0"
"Adnan","dbo","TBLLCMargin","0"
"Adnan","dbo","TBLLCMargin2","0"
"Adnan","dbo","tblLCOpenB","0"
"Adnan","dbo","TblLensesTypes","0"
"Adnan","dbo","TbLLevels","0"
"Adnan","dbo","TbllevelWorker","0"
"Adnan","dbo","tblLightAdaptation","0"
"Adnan","dbo","TblLink_Item_To_Store_Details1","0"
"Adnan","dbo","TblLink_Item_To_Store_Details2","0"
"Adnan","dbo","TblLink_Item_To_Store_Details3","0"
"Adnan","dbo","TblLink_Item_To_StoreH","0"
"Adnan","dbo","TblLocationFarm","0"
"Adnan","dbo","TblLocations","0"
"Adnan","dbo","TblLockedOrderMaintenance","0"
"Adnan","dbo","TbllProductionPlan","0"
"Adnan","dbo","TbllProductionPlanDetails","0"
"Adnan","dbo","TbllProductionPlanDetailsGroups","0"
"Adnan","dbo","TblMaintenanceCompanies","0"
"Adnan","dbo","TblMaintenanceType","0"
"Adnan","dbo","TblMaintenanceWork","0"
"Adnan","dbo","TblMaintenece","0"
"Adnan","dbo","TblMainteneceDetails","0"
"Adnan","dbo","TblMainteneceNew","0"
"Adnan","dbo","TblManagerialArea","0"
"Adnan","dbo","TblManAlram","0"
"Adnan","dbo","TblManDetailsReplacedItems","0"
"Adnan","dbo","TblManOperations","7"
"Adnan","dbo","TblManSupDecs","16"
"Adnan","dbo","tblMaterial","0"
"Adnan","dbo","TblMatrials","0"
"Adnan","dbo","TblMessageDef","0"
"Adnan","dbo","TblMessageDefDES","0"
"Adnan","dbo","TblMinistryContract","0"
"Adnan","dbo","TblMinistryContract_Installment","0"
"Adnan","dbo","TblMinistryContract_Years","0"
"Adnan","dbo","TblModelInves","0"
"Adnan","dbo","TblModelss","0"
"Adnan","dbo","TblMoveEmp1","0"
"Adnan","dbo","TblMovingEmp","0"
"Adnan","dbo","TblMultuPayment","0"
"Adnan","dbo","TblMunicipality","0"
"Adnan","dbo","TblMunicipalityDet","0"
"Adnan","dbo","TblMyMenue","15"
"Adnan","dbo","TblNotesBillBuyPayment","0"
"Adnan","dbo","TblNotesBillBuyPayment2","0"
"Adnan","dbo","TblNotesBillProjectPayment","0"
"Adnan","dbo","TblNotesBillVindorPayment","0"
"Adnan","dbo","TblNotesOwnerPayment","0"
"Adnan","dbo","TblNotesOwnerPayment202","0"
"Adnan","dbo","TblNotesSales","8328"
"Adnan","dbo","TblNotesTypes","157"
"Adnan","dbo","TblOffice","0"
"Adnan","dbo","TblOffline","0"
"Adnan","dbo","TblOffline2","0"
"Adnan","dbo","tblOilsTypes","0"
"Adnan","dbo","TblOLDContract","0"
"Adnan","dbo","TblOpDevelopment","0"
"Adnan","dbo","TblOpenClosPeriod","7"
"Adnan","dbo","TblOpenClosPeriodDet1","48"
"Adnan","dbo","TblOpenClosPeriodDet2","3"
"Adnan","dbo","TblOptions","1"
"Adnan","dbo","tblOptionsCash","0"
"Adnan","dbo","TblOrderedEmptying","0"
"Adnan","dbo","TblOrderMaint","0"
"Adnan","dbo","TblOrderMaintenance","0"
"Adnan","dbo","TblOrderMaintenanceDet","0"
"Adnan","dbo","tblordermaintenancetypes","0"
"Adnan","dbo","TblOrderUpload","0"
"Adnan","dbo","TblOrederOpen","0"
"Adnan","dbo","tblOrigin","0"
"Adnan","dbo","TblOtheExpensAqar","0"
"Adnan","dbo","TblOtheExpensAqarDet","0"
"Adnan","dbo","TblOtherComp","0"
"Adnan","dbo","TblOutType","0"
"Adnan","dbo","TblOwnerPayment","0"
"Adnan","dbo","TblOwnerPayment202","0"
"Adnan","dbo","TblOwnersFarm","0"
"Adnan","dbo","tblPacking","0"
"Adnan","dbo","TblPands","0"
"Adnan","dbo","TblPassports","0"
"Adnan","dbo","tblPaymentClass","0"
"Adnan","dbo","TblPaymentType","2"
"Adnan","dbo","TblPaymentUser","0"
"Adnan","dbo","TblPaymetData","0"
"Adnan","dbo","TblPayPrePayed","0"
"Adnan","dbo","TblPaytAmortization","66"
"Adnan","dbo","TblPaytAmortizationDet","454"
"Adnan","dbo","TblPhoneBook","0"
"Adnan","dbo","TblPilgrimsService","0"
"Adnan","dbo","TblPilgrimsServiceDet","0"
"Adnan","dbo","TblPlainMessage","3"
"Adnan","dbo","TblPlanBranches","0"
"Adnan","dbo","Tblposdata","0"
"Adnan","dbo","tblPresentTime","0"
"Adnan","dbo","TblPrintBarCode","0"
"Adnan","dbo","TblPripaidExpChiled","475"
"Adnan","dbo","TblPripaidExpenses","42"
"Adnan","dbo","TblPripaidExpensesDet","38"
"Adnan","dbo","TblProceeDevelper","0"
"Adnan","dbo","TblProceeDevelperDet","0"
"Adnan","dbo","TblProcessDEF","0"
"Adnan","dbo","TblProcessDEFDetails","0"
"Adnan","dbo","TblProcessReport","0"
"Adnan","dbo","TblProcessReportDet","0"
"Adnan","dbo","TblProcessReportDet2","0"
"Adnan","dbo","TblProcessUnites","0"
"Adnan","dbo","tblProductionAlloc","0"
"Adnan","dbo","tblProductionAllocDetails","0"
"Adnan","dbo","TblProductionAllocDetails1","0"
"Adnan","dbo","TBLProductionElements","0"
"Adnan","dbo","TblProductionType","0"
"Adnan","dbo","TblProductLine","0"
"Adnan","dbo","TblProductLineDistribution","0"
"Adnan","dbo","TblProductLineDistributionDet","0"
"Adnan","dbo","TblProductLineEquipments","0"
"Adnan","dbo","TblProductLineWorker","0"
"Adnan","dbo","TblProductMixItems","0"
"Adnan","dbo","TblProductOrderFactoryExpenses","0"
"Adnan","dbo","TblProductOrderLines","0"
"Adnan","dbo","TblProductOrderWorker","0"
"Adnan","dbo","TblProgrammTypes","0"
"Adnan","dbo","TblProjecInvestment","0"
"Adnan","dbo","TblProjecInvestmentDet","0"
"Adnan","dbo","TBLProjectBillHistory","0"
"Adnan","dbo","TblProjectMonthBill","0"
"Adnan","dbo","TblProjectMonthBillDet","0"
"Adnan","dbo","TblProjectUser","0"
"Adnan","dbo","TblProjePayPrePayed","0"
"Adnan","dbo","TblProofExpenses","34"
"Adnan","dbo","TblProofExpensesDet","37"
"Adnan","dbo","tblPumpType","0"
"Adnan","dbo","TblQCItems","0"
"Adnan","dbo","TblQestFexed","0"
"Adnan","dbo","TblQuality","0"
"Adnan","dbo","TblQualityDet","0"
"Adnan","dbo","TblQuesEmp","0"
"Adnan","dbo","TblQuPices","0"
"Adnan","dbo","TblQutations","0"
"Adnan","dbo","TblQutationsDetls1","0"
"Adnan","dbo","TblQutationsTech","0"
"Adnan","dbo","TblRating","0"
"Adnan","dbo","TblReCalVATPO","0"
"Adnan","dbo","TblReCalVATPODet","0"
"Adnan","dbo","TblReceiveTreat","0"
"Adnan","dbo","TblReceiveTreatDetails1","0"
"Adnan","dbo","TblReceiveTreatDetails2","0"
"Adnan","dbo","TblReCost","0"
"Adnan","dbo","TblReCostCalc","0"
"Adnan","dbo","TblReCostCalcDet","0"
"Adnan","dbo","TblReCostCalcDet2","0"
"Adnan","dbo","TblReCostDet","0"
"Adnan","dbo","TblRegDateDelgate","0"
"Adnan","dbo","TblRegDateDelgateDails","0"
"Adnan","dbo","TblRegDateDelgateDailsGrantee","0"
"Adnan","dbo","TblRegDevelopment","0"
"Adnan","dbo","TBLRegisterHoliday","0"
"Adnan","dbo","TBLRegisterHolidayDet","0"
"Adnan","dbo","TblRegsterSickleave","0"
"Adnan","dbo","TblRegsterSickleave2","0"
"Adnan","dbo","TblRegsterSickleaveDet","0"
"Adnan","dbo","TblRegTimeDelgate","0"
"Adnan","dbo","TBLRegularMaint","0"
"Adnan","dbo","TblRelations","0"
"Adnan","dbo","TblRentStatus","6"
"Adnan","dbo","TblRentType","2"
"Adnan","dbo","TblRequerMainten","0"
"Adnan","dbo","TblRequerMaintenDet","0"
"Adnan","dbo","TblRequest_MinistryContract","0"
"Adnan","dbo","TblRequest_MinistryContract_Detailst","0"
"Adnan","dbo","TblRequestOpenAccount","0"
"Adnan","dbo","tblReservationType","0"
"Adnan","dbo","tblRestsSiftTrans","0"
"Adnan","dbo","tblRestsSiftTrans2","0"
"Adnan","dbo","tblRestsTypes","0"
"Adnan","dbo","TblReturnExpensInves","0"
"Adnan","dbo","TblRevenuesTypes","9"
"Adnan","dbo","TblRooms","0"
"Adnan","dbo","TblRowsEstimated","0"
"Adnan","dbo","TblRowsEstimated2","0"
"Adnan","dbo","TblSalaryNotesPayment","0"
"Adnan","dbo","TblSaleBilllInvestment","0"
"Adnan","dbo","TblSaleBilllInvestmentDet","0"
"Adnan","dbo","TblSalePriceNames","6"
"Adnan","dbo","TblSalesAndCollectionPlan","3"
"Adnan","dbo","TblSalesAndCollectionPlanDetails","2"
"Adnan","dbo","TblSalesGExpepenses","0"
"Adnan","dbo","TblSalesMixItems","0"
"Adnan","dbo","TblSalesPayment","0"
"Adnan","dbo","TblSalesPayPrePayed","0"
"Adnan","dbo","TblSalesPoints","0"
"Adnan","dbo","TblSalesPrices","0"
"Adnan","dbo","TblSalesPricesPlan","0"
"Adnan","dbo","TblSalesPricesPlanDetails","0"
"Adnan","dbo","TblSalesPricesPlanDetails2","0"
"Adnan","dbo","TblSalesPricesPlanDetails3","0"
"Adnan","dbo","TblSalesRepComm","2"
"Adnan","dbo","TblSalesRepCommDetails","1"
"Adnan","dbo","TblSalesRepCommDetails1","4"
"Adnan","dbo","TblSalesRepCommTarget","0"
"Adnan","dbo","TblSalesRepCommTargetDetails","0"
"Adnan","dbo","TBLSalesRepData","7"
"Adnan","dbo","TBLSalesRepData2","0"
"Adnan","dbo","TBLSalesRepData3","0"
"Adnan","dbo","TBLSalesRepGroups","2"
"Adnan","dbo","TBLSalesRepGroups2","0"
"Adnan","dbo","TBLSalesRepGroups3","0"
"Adnan","dbo","TblSalesTarget","2"
"Adnan","dbo","tblSchemes","0"
"Adnan","dbo","TblSchooleFile","0"
"Adnan","dbo","tblScreenCriteria","0"
"Adnan","dbo","tblScreenCriteriaValues","0"
"Adnan","dbo","TblSearchUnitEmpty","53"
"Adnan","dbo","TblSeasons","0"
"Adnan","dbo","TblSection","0"
"Adnan","dbo","TblSemiGemstones","0"
"Adnan","dbo","tblService","0"
"Adnan","dbo","TblServices","0"
"Adnan","dbo","TblSessions","0"
"Adnan","dbo","TblSettsReqLimK","26"
"Adnan","dbo","TblSettsReqLimKDet","1458"
"Adnan","dbo","TblSettsRequestLimit","0"
"Adnan","dbo","TblSettsRequestLimitDet","0"
"Adnan","dbo","TblSex","0"
"Adnan","dbo","tblShapes","0"
"Adnan","dbo","tblShapesNew","0"
"Adnan","dbo","TblSharesGroup","0"
"Adnan","dbo","TblShareType","0"
"Adnan","dbo","TbLSheft","3"
"Adnan","dbo","TblShiftWorker","0"
"Adnan","dbo","TblShipingData","0"
"Adnan","dbo","TblShipsData","0"
"Adnan","dbo","TblShrines","0"
"Adnan","dbo","TblSickleave","0"
"Adnan","dbo","TblSickleaveDet","0"
"Adnan","dbo","TblSizesNames","0"
"Adnan","dbo","TblSlaeInstalOrder","0"
"Adnan","dbo","tblSliceDiscount","3"
"Adnan","dbo","TblSocialInsurance","0"
"Adnan","dbo","TblSocialInsuranceDet","0"
"Adnan","dbo","TblSpeciaAsement","0"
"Adnan","dbo","TblSpecification","0"
"Adnan","dbo","tblSpecificComponent","0"
"Adnan","dbo","tblSpecificComponentDetails","0"
"Adnan","dbo","TblSpecificFixed","0"
"Adnan","dbo","TblSpecificFixedDeti","0"
"Adnan","dbo","TblSphCylCusType","0"
"Adnan","dbo","TblSphCylCusType2","0"
"Adnan","dbo","TblSpreading","0"
"Adnan","dbo","TblStatusFarm","0"
"Adnan","dbo","TblStopDealing","0"
"Adnan","dbo","TblStopDealing_Details","0"
"Adnan","dbo","TblStore","0"
"Adnan","dbo","TblstoresLocations","0"
"Adnan","dbo","TblStrain","0"
"Adnan","dbo","TblStrartGard","0"
"Adnan","dbo","TblStrartGardDetails","0"
"Adnan","dbo","TblStuCandidacy","0"
"Adnan","dbo","TblStuCandidacyAccept","0"
"Adnan","dbo","TblStuCandidacyAcceptDet","0"
"Adnan","dbo","TblStuCandidacyDet","0"
"Adnan","dbo","TblStudCalling","0"
"Adnan","dbo","TblStudCalling2","0"
"Adnan","dbo","TblStudent","0"
"Adnan","dbo","TblStudentClassRooms","0"
"Adnan","dbo","TblStudentContract","0"
"Adnan","dbo","TblStudentCurs","0"
"Adnan","dbo","TblStudentQualification","0"
"Adnan","dbo","TblStudentTeachers","0"
"Adnan","dbo","TblStudentTypeCurs","0"
"Adnan","dbo","TblStudentTypeTrinng","0"
"Adnan","dbo","TblStudMchinFingerprint","0"
"Adnan","dbo","TblStudTermiCompany","0"
"Adnan","dbo","TblStudTirmination","0"
"Adnan","dbo","TblStuFingerprint","0"
"Adnan","dbo","TblStuGroup","0"
"Adnan","dbo","TblStuGroupDet","0"
"Adnan","dbo","TblStuGroupUpdate","0"
"Adnan","dbo","TblStuGroupUpdateDet","0"
"Adnan","dbo","TblStuNoDay","0"
"Adnan","dbo","TblStuRepTab","0"
"Adnan","dbo","TblStuRepTab2","0"
"Adnan","dbo","TblSupervisorAllocation","0"
"Adnan","dbo","TblSupervisorAllocation_Details","0"
"Adnan","dbo","TblTamimi","0"
"Adnan","dbo","TblTamimi2","0"
"Adnan","dbo","TblTamimi3","0"
"Adnan","dbo","TblTasks","0"
"Adnan","dbo","TblTempCustomerAging","0"
"Adnan","dbo","TblTempEmployee","0"
"Adnan","dbo","TblTempEmpSalary","0"
"Adnan","dbo","TblTempItemAging","0"
"Adnan","dbo","TblTestCertificate","0"
"Adnan","dbo","TblTestCertificateDet","0"
"Adnan","dbo","tblTimeSetting","7"
"Adnan","dbo","tblTimeSettingEmp","0"
"Adnan","dbo","TblTimeSettingH","0"
"Adnan","dbo","TblTipDates","0"
"Adnan","dbo","TblTipDates2","0"
"Adnan","dbo","TblTipDatesReg","0"
"Adnan","dbo","TblTipDatesReg2","0"
"Adnan","dbo","TblTourismCompanies","0"
"Adnan","dbo","TblTrainingRequest","0"
"Adnan","dbo","TblTransacRegistr","0"
"Adnan","dbo","TblTransacRegistrDet","0"
"Adnan","dbo","TblTransactionInvest","0"
"Adnan","dbo","TblTransactionPayments","0"
"Adnan","dbo","TblTransactionsApproval","0"
"Adnan","dbo","TblTransCoupons","0"
"Adnan","dbo","TblTransctionIDES","0"
"Adnan","dbo","TblTransferAssets","0"
"Adnan","dbo","TblTransferAssetsDet","0"
"Adnan","dbo","TblTravDueK","0"
"Adnan","dbo","TblTravDueKDet","0"
"Adnan","dbo","TblTravelTransDet","0"
"Adnan","dbo","TblTreatment","0"
"Adnan","dbo","TblTripReg","0"
"Adnan","dbo","TblTrips","0"
"Adnan","dbo","tblTripTrans","0"
"Adnan","dbo","tblTripTrans2","0"
"Adnan","dbo","tblTripTrans3","0"
"Adnan","dbo","TblTripTypesTransport","0"
"Adnan","dbo","TblTypeActivity","435"
"Adnan","dbo","TblTypeClaim","0"
"Adnan","dbo","TblTypeDeduction","0"
"Adnan","dbo","TblTypeDependence","0"
"Adnan","dbo","TblTypeDiscards","0"
"Adnan","dbo","TblTypeExtraExpeneses","0"
"Adnan","dbo","TblTypeFarm","0"
"Adnan","dbo","TblTypeImage","6"
"Adnan","dbo","TblTypeImage2","54"
"Adnan","dbo","tblTypeItems","0"
"Adnan","dbo","TblTypeLenShow","22"
"Adnan","dbo","TblTypesofshipping","0"
"Adnan","dbo","TblTypesTransport","0"
"Adnan","dbo","TblTypesTripStatus","0"
"Adnan","dbo","TblTypeVats","76"
"Adnan","dbo","TblTypeVisit","0"
"Adnan","dbo","TblTypicalProduction","0"
"Adnan","dbo","TblTypicalProduction2","0"
"Adnan","dbo","TblUnites","101"
"Adnan","dbo","TblUnitNoInformation","10792"
"Adnan","dbo","tblUsage","0"
"Adnan","dbo","TblUserAccount","636"
"Adnan","dbo","TblUserComp","4"
"Adnan","dbo","tblUserPermAccounts","0"
"Adnan","dbo","TblUsers","5"
"Adnan","dbo","TblUsersBoxes","20"
"Adnan","dbo","TblUsersBranches","12"
"Adnan","dbo","TblUserScreen","46"
"Adnan","dbo","TblUsersProductLine","0"
"Adnan","dbo","TblUsersStores","0"
"Adnan","dbo","tblVacancy","5"
"Adnan","dbo","TblVacation","0"
"Adnan","dbo","tblVacationData","0"
"Adnan","dbo","TblVacationDays","0"
"Adnan","dbo","TblVacationDays2","0"
"Adnan","dbo","TblVacationSalary","0"
"Adnan","dbo","TblVacationSchedule","0"
"Adnan","dbo","TblVacationSchedule2","0"
"Adnan","dbo","TblVacationschedule22","0"
"Adnan","dbo","TblVacationSettings","0"
"Adnan","dbo","TblVacationSettingsDet","0"
"Adnan","dbo","TblVacationTypes","0"
"Adnan","dbo","TblVATAvowal","3"
"Adnan","dbo","TblVATSettings","0"
"Adnan","dbo","TblVATSettingsDet","0"
"Adnan","dbo","TblVehicleAllocation","0"
"Adnan","dbo","TblVehicleAllocation_Details","0"
"Adnan","dbo","TblVehicleOperatorOrder","0"
"Adnan","dbo","TblVehicleType","0"
"Adnan","dbo","TblVending","0"
"Adnan","dbo","TblVendorCars","0"
"Adnan","dbo","TblVendorContract","0"
"Adnan","dbo","TblVendorContractDetails","0"
"Adnan","dbo","TblVendorReceipt","0"
"Adnan","dbo","TblVendorReceipt_Details","0"
"Adnan","dbo","TblView","0"
"Adnan","dbo","TblViolationGroups","0"
"Adnan","dbo","TblViolationTypes","0"
"Adnan","dbo","TblVisit","0"
"Adnan","dbo","TblVisitScreen","0"
"Adnan","dbo","TblVocation","0"
"Adnan","dbo","TblVocationEntitlements","0"
"Adnan","dbo","TblVocationEntitlementsDet","0"
"Adnan","dbo","TblVOODetails","0"
"Adnan","dbo","TblWaiverCont","4"
"Adnan","dbo","TblWarrantyOffer","0"
"Adnan","dbo","TblWarrantyOfferDet","0"
"Adnan","dbo","TblWorkFollow","0"
"Adnan","dbo","TblWorkOrdersData","0"
"Adnan","dbo","tblworkshop","0"
"Adnan","dbo","TblXmlData","0"
"Adnan","dbo","TblXXArch","0"
"Adnan","dbo","TblXXArchDocType","0"
"Adnan","dbo","TblXXBox","0"
"Adnan","dbo","TblXXRoom","0"
"Adnan","dbo","TblXXShelf","0"
"Adnan","dbo","TblYearFact","0"
"Adnan","dbo","TblyearsData","7"
"Adnan","dbo","TbVisa","0"
"Adnan","dbo","TbVisaDeti","0"
"Adnan","dbo","Technicians","0"
"Adnan","dbo","Technicians1","0"
"Adnan","dbo","temp_bill_items","0"
"Adnan","dbo","temp1","0"
"Adnan","dbo","temp2","0"
"Adnan","dbo","TempBoxStockTable","0"
"Adnan","dbo","Template_Details","0"
"Adnan","dbo","Templates","0"
"Adnan","dbo","templates_detailsnew","0"
"Adnan","dbo","templatesnew","0"
"Adnan","dbo","TempPrintCustomersDayAccount","0"
"Adnan","dbo","TempPrintStagnantItems","0"
"Adnan","dbo","TempPrintStockMovement","0"
"Adnan","dbo","terms_operations","0"
"Adnan","dbo","terms_operations_project_bill","0"
"Adnan","dbo","this_year","1"
"Adnan","dbo","tmpAccount","0"
"Adnan","dbo","TmpItemsQty","0"
"Adnan","dbo","tmpPos33","0"
"Adnan","dbo","tmptblEInvoice","0"
"Adnan","dbo","ToolTip","41"
"Adnan","dbo","Transaction_Details","0"
"Adnan","dbo","Transaction_Details2","0"
"Adnan","dbo","Transaction_DetailsPump","0"
"Adnan","dbo","Transactions","0"
"Adnan","dbo","Transactions2","0"
"Adnan","dbo","TransactionsCreteria","0"
"Adnan","dbo","TransactionsValues","0"
"Adnan","dbo","transactionsVatDetails","1044"
"Adnan","dbo","TransactionTypes","60"
"Adnan","dbo","TransactionValueAdded","0"
"Adnan","dbo","Translations","0"
"Adnan","dbo","Translations2","0"
"Adnan","dbo","TravKItemDet","0"
"Adnan","dbo","TravKItemDet1","0"
"Adnan","dbo","UnitsIndustrialCost","0"
"Adnan","dbo","UnitsIndustrialCostDetails","0"
"Adnan","dbo","UpdatesoldunitNo","651"
"Adnan","dbo","VatTypes","34"
"Adnan","dbo","warsha","2"
