"DatabaseName","SchemaName","TableName","PKName","ColumnName","key_ordinal"
"Adnan","dbo","AccountMoveLog","PK__AccountM__5E548648124A27D7","LogId","1"
"Adnan","dbo","ACCOUNTS","PK_ACCOUNTS","Account_ID","1"
"Adnan","dbo","AccountSetting","PK__AccountSetting__02FFA16F","ID","1"
"Adnan","dbo","AccountsLevels","PK__AccountsLevels__2DB35E9C","AccountsLevelsid","1"
"Adnan","dbo","AccountsLevelsDetails","PK__AccountsLevelsDe__2F9BA70E","id","1"
"Adnan","dbo","AgengItem_type","PK__AgengItem_type__507E4343","id","1"
"Adnan","dbo","aixTable","PK__aixTable__238C6C92","ID","1"
"Adnan","dbo","ApprovalData","PK__ApprovalData__02159ED7","id","1"
"Adnan","dbo","AqarRquestAndQutaion","PK__AqarRquestAndQut__18F9CF86","ID","1"
"Adnan","dbo","Arrows","PK__Arrows__55AB7606","ArrowsID","1"
"Adnan","dbo","ArrowsCompanies","PK__ArrowsCompanies__79E8D67C","CompanyId","1"
"Adnan","dbo","ArrowsGroup","PK__ArrowsGroup__66D60208","GroupID","1"
"Adnan","dbo","ArrowsTransactions","PK__ArrowsTransactio__21F6C7D6","OprId","1"
"Adnan","dbo","BalanceSheetReport","PK__BalanceSheetRepo__4F88885C","id","1"
"Adnan","dbo","BalanceSheetView","PK__BalanceSheetView__4AF8DD69","BalanceSheetId","1"
"Adnan","dbo","BalanceSheetViewAccounts","PK__BalanceSheetView__6D4DF56D","Id","1"
"Adnan","dbo","BanksData","PK_BanksData","BankID","1"
"Adnan","dbo","Bockets","PK__Bockets__6C8EDB5E","BocketId","1"
"Adnan","dbo","ChequePrint","PK_ChequePrint","Id","1"
"Adnan","dbo","ClassCustomers","PK__ClassCustomers__20E50A11","ID","1"
"Adnan","dbo","CLYTable","PK__CLYTable__21A42420","ID","1"
"Adnan","dbo","Coding","PK_Coding","id","1"
"Adnan","dbo","ConflictTest","PK__ConflictTest__4E3E9311","ID","1"
"Adnan","dbo","ContainerContracts","PK__ContainerContrac__0571F9C6","ID","1"
"Adnan","dbo","ContainerContractsDet","PK__ContainerContrac__075A4238","ID","1"
"Adnan","dbo","ContainerContractsRec","PK__ContainerContrac__09428AAA","ID","1"
"Adnan","dbo","ContainerContractsRecDet","PK__ContainerContrac__0B2AD31C","ID","1"
"Adnan","dbo","ContainerUnloading","PK__ContainerUnloadi__38F19DCC","ID","1"
"Adnan","dbo","Contract","PK__Contract__1FC39B4A","Contract_ID","1"
"Adnan","dbo","contract_type","PK_contract_type","id","1"
"Adnan","dbo","ContracttBillInstallmentsDone","PK__ContracttBillIns__317A9936","id","1"
"Adnan","dbo","CostCenter","PK__CostCenter__2917FB5A","GroupID","1"
"Adnan","dbo","Create_field","PK__Create_field__6EF8A8C2","ID","1"
"Adnan","dbo","Create_Table","PK__Create_Table__6D106050","ID","1"
"Adnan","dbo","CusJuncItem","PK_CusJuncItem","ID","1"
"Adnan","dbo","CustomersFollow","PK__CustomersFollow__304FD425","id","1"
"Adnan","dbo","CustomersFollowDetails","PK__CustomersFollowD__32381C97","id","1"
"Adnan","dbo","DOUBLE_ENTREY_VOUCHERS","PK_DOUBLE_ENTREY_VOUCHERS","Double_Entry_Vouchers_ID","1"
"Adnan","dbo","DOUBLE_ENTREY_VOUCHERS","PK_DOUBLE_ENTREY_VOUCHERS","DEV_ID_Line_No","2"
"Adnan","dbo","DOUBLE_ENTREY_VOUCHERS2","PK__DOUBLE_ENTREY_VO__35D539FF","Double_Entry_Vouchers_ID","1"
"Adnan","dbo","dtproperties","pk_dtproperties","id","1"
"Adnan","dbo","dtproperties","pk_dtproperties","property","2"
"Adnan","dbo","edictionary","PK__edictionary__729E511D","id","1"
"Adnan","dbo","emp_contract_type","PK__emp_contract_typ__257C74A0","id","1"
"Adnan","dbo","EmpGroupDep","PK__EmpGroupDep__7486998F","GroupID","1"
"Adnan","dbo","EmpGroupDep1","PK__EmpGroupDep1__7A3F72E5","GroupID","1"
"Adnan","dbo","EmpSalaryComponent","PK__EmpSalaryCompone__0446695E","id","1"
"Adnan","dbo","End_of_service","PK__End_of_service__26E7FC2A","id","1"
"Adnan","dbo","End_of_serviceDetails","PK__End_of_serviceDe__1E9CCEEC","ID","1"
"Adnan","dbo","equation","PK_equation","id","1"
"Adnan","dbo","equation_details","PK_equation_details","opr_id","1"
"Adnan","dbo","ExpensesDetails","PK__ExpensesDetails__2942E3E3","id","1"
"Adnan","dbo","ExpensesSearial","PK__ExpensesSearial__4C83952D","ID2","1"
"Adnan","dbo","ExpensesType","PK_ExpensesType","ID","1"
"Adnan","dbo","FinancialEquations","PK__FinancialEquatio__6B30A2D1","FinancialEquationsId","1"
"Adnan","dbo","FinancialEquationsData","PK__FinancialEquatio__6D18EB43","Id","1"
"Adnan","dbo","FinancialEquationsHistory","PK__FinancialEquatio__09B529F1","id","1"
"Adnan","dbo","FinancialMarkets","PK__FinancialMarkets__7247B4B4","FinancialMarketId","1"
"Adnan","dbo","FineS","PK_FineS","OPID","1"
"Adnan","dbo","FINES_DETAILS","PK_FINES_DETAILS","OPNO","1"
"Adnan","dbo","FixedAssetInstallments","PK__FixedAssetInstal__24141A72","FixedAssetInstallmentsid","1"
"Adnan","dbo","FixedAssetInstallmentsDetails","PK__FixedAssetInstal__25FC62E4","id","1"
"Adnan","dbo","FixedAssets","PK__FixedAssets__7FD6B9FC","id","1"
"Adnan","dbo","FixedAssetsGroup","PK__FixedAssetsGroup__6FD55C5D","GroupID","1"
"Adnan","dbo","FixedAssetsGroupsAccount","PK__FixedAssetsGroup__789FAC88","id","1"
"Adnan","dbo","FoxySerial","PK__FoxySerial__6C6654DA","ID","1"
"Adnan","dbo","FoxySerial2","PK__FoxySerial2__2C4BCFC5","ID","1"
"Adnan","dbo","FXSerialInvesment","PK__FXSerialInvesmen__2DCA03E3","ID","1"
"Adnan","dbo","Gbasic","PK__Gbasic__2CEAEE43","Id","1"
"Adnan","dbo","GranteeType","PK__GranteeType__7CA7A99B","ID","1"
"Adnan","dbo","Groups","PK_Groups","GroupID","1"
"Adnan","dbo","GroupsCustomers","PK__GroupsCustomers__1EFCC19F","GroupID","1"
"Adnan","dbo","InfoSettings","PK__InfoSettings__7E450DF3","id","1"
"Adnan","dbo","InfoSettings1","PK__InfoSettings1__002D5665","id","1"
"Adnan","dbo","InstallMent","PK_InstallMent","PartID","1"
"Adnan","dbo","INSTALLMENT_DETAILS","PK_INSTALLMENT_DETAILS","op_no","1"
"Adnan","dbo","InstallmentDet_Junc_Receipt","PK_InstallmentDet_Junc_Receipt","JuncID","1"
"Adnan","dbo","InstallMentDetails","PK_InstallMentDetails","QestID","1"
"Adnan","dbo","Installments","PK_Installments","op_no","1"
"Adnan","dbo","insurance_class","PK__insurance_class__2764BD12","id","1"
"Adnan","dbo","ItemsDetails","PK__ItemsDetails__607E0A34","id","1"
"Adnan","dbo","ItemsGranteeType","PK__ItemsGranteeType__7E8FF20D","ID","1"
"Adnan","dbo","ItemsParts","PK_ItemsParts","TableID","1"
"Adnan","dbo","ItemsPrice","PK_ItemsPrice","PriceID","1"
"Adnan","dbo","ItemsPriceIsPerv","PK__ItemsPriceIsPerv__4A5133F8","id","1"
"Adnan","dbo","jopstatus","PK_jopstatus","id","1"
"Adnan","dbo","JuncPrice","PK_JuncPrice","PriceID","1"
"Adnan","dbo","ked_desc","PK_ked_desc","ked_id","1"
"Adnan","dbo","Land_Planner","PK__Land_Planner__684BAB33","Land_ID","1"
"Adnan","dbo","LCTypes","PK__LCTypes__1E662E14","id","1"
"Adnan","dbo","Legalcourts","PK__Legalcourts__77ADEA54","ID","1"
"Adnan","dbo","LegalIssues","PK__LegalIssues__75C5A1E2","ID","1"
"Adnan","dbo","LegalIssuesData","PK__LegalIssuesData__700CC88C","ID","1"
"Adnan","dbo","LegalIssuesTrans","PK__LegalIssuesTrans__73DD5970","ID","1"
"Adnan","dbo","LogFile","PK__LogFile__37DCB2AB","OprID","1"
"Adnan","dbo","MaintenanceType","PK_MaintenanceType","TypeID","1"
"Adnan","dbo","MaintenanceTypes","PK__MaintenanceTypes__5CE41A28","id","1"
"Adnan","dbo","markaas_taklefa1","PK__markaas_taklefa1__4B255CA0","GroupID","1"
"Adnan","dbo","MasterDataImportBatch","PK_MasterDataImportBatch","BatchId","1"
"Adnan","dbo","MasterDataImportJournalFileLog","PK_MasterDataImportJournalFileLog","Id","1"
"Adnan","dbo","MedicalContractingType","PK__MedicalContracti__3C581A5C","ID","1"
"Adnan","dbo","MEMBER_TYPES","PK_MEMBER_TYPES","MEMBER_ID","1"
"Adnan","dbo","MEMBERS","PK_MEMBERS","MEMBER_ID","1"
"Adnan","dbo","MessageTempltes","PK__MessageTempltes__7C5CC581","id","1"
"Adnan","dbo","mofrdat","PK_mofrdat","mofrad_code","1"
"Adnan","dbo","mowazna","PK_mowazna","id","1"
"Adnan","dbo","mowazna_details","PK_mowazna_details","opr_id","1"
"Adnan","dbo","Notes","PK_Notes","NoteID","1"
"Adnan","dbo","notes_all","PK_notes_all","NoteID","1"
"Adnan","dbo","Notes1","PK_Notes1","NoteID","1"
"Adnan","dbo","OPERATIONS","PK_OPERATIONS","OPERATION_NO","1"
"Adnan","dbo","OperationsFollow","PK__OperationsFollow__4C5715F6","id","1"
"Adnan","dbo","OperationsFollowDetails","PK__OperationsFollow__4E3F5E68","id","1"
"Adnan","dbo","opr_Employee","PK_opr_Employee","id","1"
"Adnan","dbo","Pmanger","PK__Pmanger__2144316D","id","1"
"Adnan","dbo","project_billl","PK_project_billl","id","1"
"Adnan","dbo","project_billl_Month","PK__project_billl_Mo__7DE5E697","ID","1"
"Adnan","dbo","project_status","PK_project_status","id","1"
"Adnan","dbo","ProjectBillBuy","PK__ProjectBillBuy__1A00A053","id","1"
"Adnan","dbo","ProjectBillBuy1","PK__ProjectBillBuy1__03C8DD1F","id","1"
"Adnan","dbo","ProjectMainDes","PK__ProjectMainDes__0BC9F19A","ID","1"
"Adnan","dbo","ProJectMofrd","PK__ProJectMofrd__240B8F7F","ID","1"
"Adnan","dbo","ProJectMofrdSalar","PK__ProJectMofrdSala__25F3D7F1","ID","1"
"Adnan","dbo","projects","PK_projects","id","1"
"Adnan","dbo","Projectssub","PK__Projectssub__5BBAEBC5","Subid","1"
"Adnan","dbo","ReceiptQest","PK_ReceiptQest","ReceiptID","1"
"Adnan","dbo","ReciveDetails","PK__ReciveDetails__3A6D6FE5","id","1"
"Adnan","dbo","relations","PK_relations","relation_no","1"
"Adnan","dbo","sanad_dean","PK_sanad_dean","sanad_no","1"
"Adnan","dbo","sandat_ked","PK_sandat_ked","sandat_pc_no","1"
"Adnan","dbo","Schoolyears","PK__Schoolyears__2F1BB8CA","Serial","1"
"Adnan","dbo","SessionDate","PK__SessionDate__71F510FE","ID","1"
"Adnan","dbo","ShiftMaintType","PK__ShiftMaintType__31507C04","ID","1"
"Adnan","dbo","ShiftRec","PK__ShiftRec__3338C476","ID","1"
"Adnan","dbo","Shipments","PK_Shipments","id","1"
"Adnan","dbo","SPHTable","PK__SPHTable__1FBBDBAE","ID","1"
"Adnan","dbo","Stables","PK__Stables__286564F1","id","1"
"Adnan","dbo","streets","PK_streets","CityID","1"
"Adnan","dbo","SubcontractorContract","PK__SubcontractorCon__55E2E235","ID","1"
"Adnan","dbo","SubcontractorContract2","PK__SubcontractorCon__57CB2AA7","ID","1"
"Adnan","dbo","Subject_doc","PK__Subject_doc__136B1362","operation_no","1"
"Adnan","dbo","subject_templates","PK_subject_templates","id","1"
"Adnan","dbo","subjects_images","PK_subjects_images","operation_no","1"
"Adnan","dbo","SuperTech","PK__SuperTech__6EEDBBCA","ID","1"
"Adnan","dbo","Supervisors","PK__Supervisors__674C9A02","ID","1"
"Adnan","dbo","SystemVersion","PK__SystemVersion__4F9D96F5","ID","1"
"Adnan","dbo","Table_Pictures","PK__Table_Pictures__6A33F3A5","Pic_ID","1"
"Adnan","dbo","takeem","PK_takeem","id","1"
"Adnan","dbo","Tbl_BusinessDialy","PK__Tbl_BusinessDial__67227CD0","ID","1"
"Adnan","dbo","Tbl_BusinessDialyDet","PK__Tbl_BusinessDial__690AC542","ID","1"
"Adnan","dbo","TBL_measureMent","PK__TBL_measureMent__46B5AD3E","ID","1"
"Adnan","dbo","TBL_measureMent2","PK__TBL_measureMent2__4868EB86","ID","1"
"Adnan","dbo","Tbl_TradingContract","PK__Tbl_TradingContr__55F7F0CE","ID","1"
"Adnan","dbo","Tbl_TradingContractDet","PK__Tbl_TradingContr__57E03940","ID","1"
"Adnan","dbo","Tbl_TradingContractInv","PK__Tbl_TradingContr__2D7FEB20","ID","1"
"Adnan","dbo","Tbl_TradingContractInvDet","PK__Tbl_TradingContr__2F683392","ID","1"
"Adnan","dbo","Tbl_TransOrder","PK__Tbl_TransOrder__531B8423","ID","1"
"Adnan","dbo","tblAbsent","PK_tblAbsent","Abs_ID","1"
"Adnan","dbo","TblAcceleratePayment","PK__TblAcceleratePay__0DB23A0C","ID","1"
"Adnan","dbo","TblAcceleratePaymentDet","PK__TblAcceleratePay__0F9A827E","ID","1"
"Adnan","dbo","TblAccidentReport","PK__TblAccidentRepor__13A01D8C","ID","1"
"Adnan","dbo","TblAccidentReportDet","PK__TblAccidentRepor__37DD7E02","ID","1"
"Adnan","dbo","TblAccountBranch","PK__TblAccountBranch__2E1F099E","ID","1"
"Adnan","dbo","TblAccountIntervals","PK_TblAccountIntervals","AccountIntervalID","1"
"Adnan","dbo","TblAccountsDestributions","PK__TblAccountsDestr__41304764","TblAccountsDestributionsid","1"
"Adnan","dbo","TblAccountsDestributionsDetails","PK__TblAccountsDestr__45F4FC81","id","1"
"Adnan","dbo","TblAccountsDestributionsIntervals","PK__TblAccountsDestr__43188FD6","id","1"
"Adnan","dbo","TblAccountUser","PK__TblAccountUser__30075210","ID","1"
"Adnan","dbo","TblActivateInvestment","PK__TblActivateInves__7F0F14FA","ID","1"
"Adnan","dbo","TblActivateInvestmentDet","PK__TblActivateInves__00F75D6C","ID","1"
"Adnan","dbo","tblActivitesType","PK__tblActivitesType__77616F8C","id","1"
"Adnan","dbo","TblAddExceptionDays","PK__TblAddExceptionD__1D939C1A","ID","1"
"Adnan","dbo","TblAdditionsAssest","PK__TblAdditionsAsse__22C2658B","ID","1"
"Adnan","dbo","TblAdjectiveFarm","PK__TblAdjectiveFarm__14151ED8","ID","1"
"Adnan","dbo","TblAdminSanction","PK__TblAdminSanction__2C16C59B","ID","1"
"Adnan","dbo","TblAdvancedHousing","PK__TblAdvancedHousi__59D2A353","AdvanceID","1"
"Adnan","dbo","TblAge","PK__TblAge__04D2DB48","ID","1"
"Adnan","dbo","TblAging","PK__TblAging__40E7C54F","id","1"
"Adnan","dbo","TblAirlines","PK__TblAirlines__52FB8892","ID","1"
"Adnan","dbo","TblAirport","PK__TblAirport__51134020","ID","1"
"Adnan","dbo","tblAkarType","PK__tblAkarType__32A3C799","id","1"
"Adnan","dbo","TblAkarUnit","PK__TblAkarUnit__348C100B","id","1"
"Adnan","dbo","TblAlarmQuntity","PK__TblAlarmQuntity__27871AA8","ID","1"
"Adnan","dbo","TblAlarmType","PK__TblAlarmType__491D189D","Id","1"
"Adnan","dbo","TblAmoutType","PK__TblAmoutType__585F5C2D","id","1"
"Adnan","dbo","TblAotherItems","PK__TblAotherItems__60F4A22E","ID","1"
"Adnan","dbo","TblAppointmentlist","PK__TblAppointmentli__181AB9E6","ID","1"
"Adnan","dbo","TblAppointmentlist2","PK__TblAppointmentli__1A030258","ID","1"
"Adnan","dbo","TblApprovalDef","PK__TblApprovalDef__73C77F80","id","1"
"Adnan","dbo","TblApprovalDefDetails","PK__TblApprovalDefDe__75AFC7F2","id","1"
"Adnan","dbo","TblApproveCompoYear","PK__TblApproveCompoY__082E6AE0","ID","1"
"Adnan","dbo","TblApproveCompoYearDet","PK__TblApproveCompoY__0A16B352","ID","1"
"Adnan","dbo","TblApproveShift","PK__TblApproveShift__77F80317","ID","1"
"Adnan","dbo","TblApproveShiftDet","PK__TblApproveShiftD__79E04B89","ID","1"
"Adnan","dbo","TblAproveInvoice","PK__TblAproveInvoice__0F306E2A","ID","1"
"Adnan","dbo","TblAqar","PK__TblAqar__385CA0EF","Aqarid","1"
"Adnan","dbo","TblAqarCommissions","PK__TblAqarCommissio__567713BB","ID","1"
"Adnan","dbo","TblAqarDetai","PK__TblAqarDetai__3C2D31D3","Id","1"
"Adnan","dbo","TblAqarDetai2","PK__TblAqarDetai2__3E157A45","Id","1"
"Adnan","dbo","TblAqarDetai3","PK__TblAqarDetai3__3FFDC2B7","Id","1"
"Adnan","dbo","TblAqrCompenet","PK__TblAqrCompenet__4E16D7E4","ID","1"
"Adnan","dbo","TblAqrCompenetDet","PK__TblAqrCompenetDe__4FFF2056","ID","1"
"Adnan","dbo","TblAqrEarnest","PK__TblAqrEarnest__548ECB49","ID","1"
"Adnan","dbo","TblAqrOwin","PK__TblAqrOwin__55B7F9AC","ID","1"
"Adnan","dbo","TblAssestes","PK__TblAssestes__7C27BB57","AsID","1"
"Adnan","dbo","TblAttendance","PK__TblAttendance__6D7A74A4","ID","1"
"Adnan","dbo","TblAttendanceDet","PK__TblAttendanceDet__6F62BD16","ID","1"
"Adnan","dbo","TblAttributionContract","PK__TblAttributionCo__46FFC601","IDAC","1"
"Adnan","dbo","TblAttributionInstallmentDivided","PK__TblAttributionIn__1039A0FC","ID","1"
"Adnan","dbo","TblAveragGrm","PK__TblAveragGrm__1142D3CE","ID","1"
"Adnan","dbo","TblBalanceSheetDetails","PK__TblBalanceSheetD__403CEE82","BalanceSheetDetailsid","1"
"Adnan","dbo","TblBalanceSheetHeader","PK__TblBalanceSheetH__3E54A610","BalanceSheetHeaderid","1"
"Adnan","dbo","TblBankPledge","PK__TblBankPledge__70E0F134","ID","1"
"Adnan","dbo","TblBankPledge2","PK__TblBankPledge2__72C939A6","ID","1"
"Adnan","dbo","TblBankPledge3","PK__TblBankPledge3__74B18218","ID","1"
"Adnan","dbo","TblBankPledge4","PK__TblBankPledge4__0F657854","ID","1"
"Adnan","dbo","tblbanksCheques","PK__tblbanksCheques__73B270E7","gid","1"
"Adnan","dbo","tblbanksChequesDetails","PK__tblbanksChequesD__759AB959","id","1"
"Adnan","dbo","TblBanksCollect","PK__TblBanksCollect__2706610D","id","1"
"Adnan","dbo","TblBanksCollectDetails","PK__TblBanksCollectD__28EEA97F","id","1"
"Adnan","dbo","TblBanksDeposite","PK__TblBanksDeposite__7F2D79DD","id","1"
"Adnan","dbo","TblBanksDepositeDetails","PK__TblBanksDeposite__0115C24F","id","1"
"Adnan","dbo","TBLBankSettlement","PK__TBLBankSettlemen__4DACC390","IDBS","1"
"Adnan","dbo","TBLBankSettlementJoin","PK__TBLBankSettlemen__4F950C02","ID","1"
"Adnan","dbo","TblBarcodePrinting","PK__TblBarcodePrinti__1CF47D9C","ID","1"
"Adnan","dbo","TblBarcodePrintingDet","PK__TblBarcodePrinti__1EDCC60E","ID","1"
"Adnan","dbo","tblBaseCurve","PK__tblBaseCurve__7D31B980","ID","1"
"Adnan","dbo","TblBatchSheet","PK__TblBatchSheet__562CFAF8","ID","1"
"Adnan","dbo","TblBatchSheetDet","PK__TblBatchSheetDet__5815436A","ID","1"
"Adnan","dbo","TblBillBuyPayment","PK__TblBillBuyPaymen__1E52B629","ID","1"
"Adnan","dbo","TblBillBuyPayment2","PK__TblBillBuyPaymen__6B5D2208","ID","1"
"Adnan","dbo","TblBillComputerChek","PK__TblBillComputerC__74518F65","ID","1"
"Adnan","dbo","TblBillComputerChekDetails","PK__TblBillComputerC__7639D7D7","ID2","1"
"Adnan","dbo","TblBillProjectPayment","PK__TblBillProjectPa__6D456A7A","ID","1"
"Adnan","dbo","TblBillVindorPayment","PK__TblBillVindorPay__5DAE212F","ID","1"
"Adnan","dbo","TblboKRegister","PK__TblboKRegister__64B02479","ID","1"
"Adnan","dbo","TblBookingBondsInvs","PK__TblBookingBondsI__3F4995A0","ID","1"
"Adnan","dbo","TblBookingBondsInvsDet","PK__TblBookingBondsI__4131DE12","ID","1"
"Adnan","dbo","TblBookingRequest","PK__TblBookingReques__623DCC22","ID","1"
"Adnan","dbo","tblbookingrequest2","PK__tblbookingreques__0587085F","ID","1"
"Adnan","dbo","TblBoxesData","PK_TblBoxesData","BoxID","1"
"Adnan","dbo","tblBoxesTemp","PK__tblBoxesTemp__59B37319","ID","1"
"Adnan","dbo","TblBoxStock","PK_TblBoxStock","BoxStockID","1"
"Adnan","dbo","TblBoxStockDetails","PK_TblBoxStockDetails","TableID","1"
"Adnan","dbo","TblBranchesData","PK__TblBranchesData__7267B045","branch_id","1"
"Adnan","dbo","tblBrands","PK__tblBrands__4C8E8225","ID","1"
"Adnan","dbo","tblBreaking","PK__tblBreaking__7961289C","ID","1"
"Adnan","dbo","TblBusesDistribution","PK__TblBusesDistribu__16B19461","ID","1"
"Adnan","dbo","TblBusesDistributionDet","PK__TblBusesDistribu__1899DCD3","ID","1"
"Adnan","dbo","TblBuyBilllInvestment","PK__TblBuyBilllInves__37536E1D","ID","1"
"Adnan","dbo","TblBuyBilllInvestmentDet","PK__TblBuyBilllInves__393BB68F","ID","1"
"Adnan","dbo","TblBuyLanReEst","PK__TblBuyLanReEst__244099A9","ID","1"
"Adnan","dbo","TblBuyLanReEstInsta","PK__TblBuyLanReEstIn__2628E21B","ID","1"
"Adnan","dbo","TblCameraLocations","PK__TblCameraLocatio__613EBAF1","GroupID","1"
"Adnan","dbo","TblCaptinTrans","PK__TblCaptinTrans__3946A387","id","1"
"Adnan","dbo","TblCaptinTrans2","PK__TblCaptinTrans2__3B2EEBF9","id","1"
"Adnan","dbo","TblCarBillMentains","PK__TblCarBillMentai__2C60DE5E","ID","1"
"Adnan","dbo","TblCarBillMentainsDetils","PK__TblCarBillMentai__2E4926D0","ID2","1"
"Adnan","dbo","TblCardAuthorizationReform","PK__TblCardAuthoriza__6CB06D9D","ID","1"
"Adnan","dbo","TblCardAuthorizationReformDetails","PK__TblCardAuthoriza__6E98B60F","ID2","1"
"Adnan","dbo","TblCardAuthorizationReformItems","PK__TblCardAuthoriza__35210CE8","ID2","1"
"Adnan","dbo","TblCardAuthoSerial","PK__TblCardAuthoSeri__2475A3D3","ID","1"
"Adnan","dbo","tblCarDrivers","PK__tblCarDrivers__30BB7F27","id","1"
"Adnan","dbo","TblCarExpenses","PK__TblCarExpenses__66986CEB","ID","1"
"Adnan","dbo","TblCarKMFOLLOW","PK__TblCarKMFOLLOW__5ECC629A","TblCarKMFOLLOWid","1"
"Adnan","dbo","TblCarKMFOLLOWDetails","PK__TblCarKMFOLLOWDe__60B4AB0C","id","1"
"Adnan","dbo","tblCarMaint","PK__tblCarMa__3214EC27D8A10708","ID","1"
"Adnan","dbo","TblCarMaintenancePlan","PK__TblCarMaintenanc__629CF37E","Planid","1"
"Adnan","dbo","TblCarMaintenancePlanDetails","PK__TblCarMaintenanc__64853BF0","id","1"
"Adnan","dbo","TblCarModels","PK__TblCarModels__68DFDCB9","Id","1"
"Adnan","dbo","TblCarOrderVouchers","PK__TblCarOrderVouch__57AB2F16","ID","1"
"Adnan","dbo","TblCarOrderVouchers2","PK__TblCarOrderVouch__59937788","ID","1"
"Adnan","dbo","TblCarReceipt","PK__TblCarReceipt__30316F42","ID","1"
"Adnan","dbo","TblCarsData","PK__TblCarsData__398FF0F3","id","1"
"Adnan","dbo","TblCarsDataDet","PK__TblCarsDataDet__5FB66532","ID","1"
"Adnan","dbo","TBLCarTypes","PK__TBLCarTypes__37A7A881","id","1"
"Adnan","dbo","TbLCashFollow","PK__TbLCashFollow__7A747D0F","id","1"
"Adnan","dbo","TblCategoryFarm","PK__TblCategoryFarm__10448DF4","ID","1"
"Adnan","dbo","TblChangedComponentRegister","PK__TblChangedCompon__22CBBBD5","ChangedComponentid","1"
"Adnan","dbo","TblChangedComponentRegisterDetails","PK__TblChangedCompon__24B40447","id","1"
"Adnan","dbo","TblChangeEmployeedata","PK__TblChangeEmploye__1B36525C","ChangedComponentid","1"
"Adnan","dbo","TblChangeEmployeedataDetails","PK__TblChangeEmploye__1D1E9ACE","id","1"
"Adnan","dbo","TblCheckRelease","PK_TblCheckRelease","OperaID","1"
"Adnan","dbo","TblCheckReleaseType","PK_TblCheckReleaseType","CheckTypeID","1"
"Adnan","dbo","TblChecqueBoxContent","PK__TblChecqueBoxCon__251E189B","id","1"
"Adnan","dbo","TblChecqueBoxContent1","PK__TblChecqueBoxCon__2BCB162A","id","1"
"Adnan","dbo","TBLCitiesDistance","PK__TBLCitiesDistanc__35BF600F","CitiesDistanceID","1"
"Adnan","dbo","TblCitiesDistanceVendor","PK__TblCitiesDistanc__0B5FDD46","ID","1"
"Adnan","dbo","TblClass","PK__TblClass__4D62AACD","ID","1"
"Adnan","dbo","TblClearanceCertificate","PK__TblClearanceCert__20EF2BB2","ID","1"
"Adnan","dbo","TblClientTransContr","PK__TblClientTransCo__1BCB4F39","ID","1"
"Adnan","dbo","TblClientTransContrDet","PK__TblClientTransCo__1DB397AB","ID","1"
"Adnan","dbo","TBLClosePos","PK__TBLClose__3214EC27F453756B","ID","1"
"Adnan","dbo","TBLClosePosTmp","PK__TBLClose__3214EC27FB7744E6","ID","1"
"Adnan","dbo","tblCoating","PK__tblCoating__71C006D4","ID","1"
"Adnan","dbo","tblCollections","PK__tblCollections__52475B7B","ID","1"
"Adnan","dbo","TblColor","PK__TblColor__7080FE81","Id","1"
"Adnan","dbo","TblCombositAccount","PK__TblCombositAccou__40FC0891","CombositAccountid","1"
"Adnan","dbo","TblCombositAccountDetails","PK__TblCombositAccou__42E45103","CombositAccountDetailsid","1"
"Adnan","dbo","TblCommisionTypes","PK__TblCommisionType__59888A90","ID","1"
"Adnan","dbo","TblCommisRece","PK__TblCommisRece__5DC32FC8","id","1"
"Adnan","dbo","TblCommisReceDetails","PK__TblCommisReceDet__5FAB783A","id","1"
"Adnan","dbo","TblCompaniesGroup","PK__TblCompaniesGrou__5C84F2CC","ID","1"
"Adnan","dbo","TblCompanyContract","PK__TblCompanyContra__3318C8E5","ID","1"
"Adnan","dbo","TblCompanyContractDet","PK__TblCompanyContra__35011157","ID","1"
"Adnan","dbo","TblCompareQutations","PK__TblCompareQutati__03FDE749","id","1"
"Adnan","dbo","TblComparPrice","PK__TblComparPrice__0FAF9117","ID","1"
"Adnan","dbo","TblComparPriceDet","PK__TblComparPriceDe__1197D989","ID","1"
"Adnan","dbo","TblCompo","PK__TblCompo__2B02A5D1","Id","1"
"Adnan","dbo","TblComponentYear","PK__TblComponentYear__045DD9FC","ID","1"
"Adnan","dbo","TblComponentYearDet","PK__TblComponentYear__0646226E","ID","1"
"Adnan","dbo","TblComponentYearDet2","PK__TblComponentYear__0BFEFBC4","ID","1"
"Adnan","dbo","TblComputerChek","PK__TblComputerChek__6AC8252B","Id","1"
"Adnan","dbo","TblConfirmVacation","PK__TblConfirmVacati__07D96525","ID","1"
"Adnan","dbo","TblConfirmVacation_Details","PK__TblConfirmVacati__3C4D2D64","ID","1"
"Adnan","dbo","TblConfirmViolation","PK__TblConfirmViolat__65844D21","ID","1"
"Adnan","dbo","TblContract","PK__TblContract__5404BB64","ContNo","1"
"Adnan","dbo","TBLContractAuto","PK__TBLContractAuto__6954DE05","ID","1"
"Adnan","dbo","TblContractDet","PK__TblContractDet__55ED03D6","ID","1"
"Adnan","dbo","TblContractDetails","PK__TblContractDetai__5A1BF0BF","id","1"
"Adnan","dbo","tblContractInsAllocations","PK__tblContractInsAl__3A0FDF37","transID","1"
"Adnan","dbo","tblContractInsAllocations1","PK__tblContractInsAl__41B100FF","transID","1"
"Adnan","dbo","tblContractInsAllocationsDetails","PK__tblContractInsAl__3BF827A9","id","1"
"Adnan","dbo","tblContractInsAllocationsDetails1","PK__tblContractInsAl__3ED49454","id","1"
"Adnan","dbo","tblContractInsAllocationsDetails2","PK__tblContractInsAl__43994971","id","1"
"Adnan","dbo","TblContractInstallDisco","PK__TblContractInsta__03A9ACE5","id","1"
"Adnan","dbo","TblContractInstallDisco2","PK__TblContractInsta__5D8403FD","id","1"
"Adnan","dbo","TblContractInstallments","PK__TblContractInsta__2E9E2C8B","id","1"
"Adnan","dbo","TblContractInstallmentsHist","PK__TblContractInsta__44985AA2","id","1"
"Adnan","dbo","TblContractInstallmentsOld","PK__TblContractInsta__4680A314","id","1"
"Adnan","dbo","TblContractReVouch","PK__TblContractReVou__64660BB6","ID","1"
"Adnan","dbo","TblCOntractSales","PK__TblCOntractSales__52A682D7","ID","1"
"Adnan","dbo","TblContrStudent","PK__TblContrStudent__5A67A030","ID","1"
"Adnan","dbo","TblContrStudentDet","PK__TblContrStudentD__5C4FE8A2","ID","1"
"Adnan","dbo","TblCorBalaCus","PK__TblCorBalaCus__2AB88D0E","ID","1"
"Adnan","dbo","TblCorBalaCusDet","PK__TblCorBalaCusDet__2CA0D580","ID","1"
"Adnan","dbo","TblCorrectaction","PK__TblCorrectaction__6B32397F","Cid","1"
"Adnan","dbo","TblCountriesData","PK_TblCountriesData","CountryID","1"
"Adnan","dbo","TblCountriesGovernments","PK_TblCountriesGovernments","GovernmentID","1"
"Adnan","dbo","TblCountriesGovernmentsCities","PK_TblCountriesGovernmentsCities","CityID","1"
"Adnan","dbo","TblCoupons","PK__TblCoupons__5756295B","ID","1"
"Adnan","dbo","TblCouponsDet","PK__TblCouponsDet__593E71CD","ID","1"
"Adnan","dbo","TblCreditFacicity","PK__TblCreditFacicit__22D77424","ID","1"
"Adnan","dbo","TblCreditFacicityDetails1","PK__TblCreditFacicit__24BFBC96","ID2","1"
"Adnan","dbo","tblCriteriaSettings","PK__tblCriteriaSetti__654455FF","id","1"
"Adnan","dbo","tblCriteriaSettingsDetails","PK__tblCriteriaSetti__672C9E71","id","1"
"Adnan","dbo","TblCurrencyBandNames","PK_TblCurrencyBandNames","CurrencyBandID","1"
"Adnan","dbo","TblCusCar","PK__TblCusCar__55C2E6A4","ID","1"
"Adnan","dbo","TblCusCsh","PK__TblCusCsh__39DAD50D","Id","1"
"Adnan","dbo","TblCusOrderNo","PK__TblCusOrderNo__1AA220D6","ID","1"
"Adnan","dbo","TblCustemers","PK_TblCustemers","CusID","1"
"Adnan","dbo","TblCustomerAlarm","PK__TblCustomerAlarm__4734D02B","ID","1"
"Adnan","dbo","TblCustomerComplaint","PK__TblCustomerCompl__6173C51B","id","1"
"Adnan","dbo","TblCustomerContract","PK__TblCustomerContr__3CFFC3CD","TblCustomerContractD","1"
"Adnan","dbo","TblCustomerContractDetails","PK__TblCustomerContr__3EE80C3F","Id","1"
"Adnan","dbo","TblCustomerContractDetailsGroups","PK__TblCustomerContr__42B89D23","Id","1"
"Adnan","dbo","tblCustomerFingers","PK__tblCustomerFinge__4C047240","ID","1"
"Adnan","dbo","TblCustomerPoints","PK__TblCustomerPoint__560CFF67","gradeid","1"
"Adnan","dbo","TblCustomerSizes","PK__TblCustomerSizes__0AC0BEC8","ID","1"
"Adnan","dbo","TblCustomersLocations","PK__TblCustomersLoca__3BAE0EE6","ID","1"
"Adnan","dbo","TblCustomerType","PK__TblCustomerType__11F6358E","id","1"
"Adnan","dbo","TblCustResp","PK__TblCustResp__718AFCAA","ID","1"
"Adnan","dbo","TblCustResp2","PK__TblCustResp2__7373451C","ID","1"
"Adnan","dbo","TBLdAILYSALES","PK__TBLdAILY__3214EC272581A4F6","ID","1"
"Adnan","dbo","TblDailyWorkflow","PK__TblDailyWorkflow__0C691018","ID","1"
"Adnan","dbo","TblDailyWorkflowDet","PK__TblDailyWorkflow__0E51588A","ID","1"
"Adnan","dbo","TblDataTypeExchange","PK__TblDataTypeExcha__45B69C0D","Id","1"
"Adnan","dbo","TblDeducationNote","PK__TblDeducationNot__26A80508","Id","1"
"Adnan","dbo","TblDeduction","PK__TblDeduction__1F11D038","ID","1"
"Adnan","dbo","TblDeductionDet","PK__TblDeductionDet__20FA18AA","ID","1"
"Adnan","dbo","TblDefComItem","PK__TblDefComItem__3DAB65F1","ID","1"
"Adnan","dbo","TblDefComItemData","PK__TblDefComItemDat__69C9DF51","ID","1"
"Adnan","dbo","TblDefComItemDet","PK__TblDefComItemDet__3F93AE63","ID","1"
"Adnan","dbo","TblDefin","PK__TblDefin__16FBAD24","ID","1"
"Adnan","dbo","TblDefinDetails","PK__TblDefinDetails__18E3F596","ID","1"
"Adnan","dbo","TblDeported","PK__TblDeported__6BC7365C","ID","1"
"Adnan","dbo","tblDesign","PK__tblDesign__505F1309","ID","1"
"Adnan","dbo","TblDesignReport","PK__TblDesignReport__15686A6D","ID","1"
"Adnan","dbo","TblDetailsAdoption","PK__TblDetailsAdopti__1B413F54","ID","1"
"Adnan","dbo","TblDetailsAdoptionDet","PK__TblDetailsAdopti__1D2987C6","ID","1"
"Adnan","dbo","tblDIAM","PK__tblDIAM__759097B8","ID","1"
"Adnan","dbo","TblDiamonds","PK__TblDiamonds__78772604","ID","1"
"Adnan","dbo","TblDistriExpensItem","PK__TblDistriExpensI__64C53312","Ind","1"
"Adnan","dbo","TblDistriExpensItemDet1","PK__TblDistriExpensI__66AD7B84","ID","1"
"Adnan","dbo","TblDistriExpensItemDet2","PK__TblDistriExpensI__6895C3F6","ID","1"
"Adnan","dbo","TblDistriExpensItemDet3","PK__TblDistriExpensI__6A7E0C68","ID","1"
"Adnan","dbo","TblDivInvesment","PK__TblDivInvesment__2FB24C55","ID","1"
"Adnan","dbo","TblDivInvesmentDet","PK__TblDivInvesmentD__319A94C7","ID","1"
"Adnan","dbo","TblDivInvesmentDetCheld","PK__TblDivInvesmentD__4789D5E6","ID","1"
"Adnan","dbo","TblDivInvestInformation","PK__TblDivInvestInfo__45A18D74","ID","1"
"Adnan","dbo","tblDivision","PK__tblDivision__6FD7BE62","ID","1"
"Adnan","dbo","tblDoctorsType","PK__tblDoctorsType__3A6FD1EA","ID","1"
"Adnan","dbo","TblDoCumentsTypes","PK__TblDoCumentsType__7EC36589","id","1"
"Adnan","dbo","TblDriverAllocation","PK__TblDriverAllocat__09C1AD97","IDDA","1"
"Adnan","dbo","TblDriverAllocation_Details","PK__TblDriverAllocat__0BA9F609","ID","1"
"Adnan","dbo","TblDriverTrip","PK__TblDriverTrip__03D3CA17","ID","1"
"Adnan","dbo","TblDurations","PK__TblDurations__676C9593","ID","1"
"Adnan","dbo","TblDurations_Details","PK__TblDurations_Det__7C67B279","ID","1"
"Adnan","dbo","TblDurations_details2","PK__TblDurations_det__3BE31910","ID","1"
"Adnan","dbo","Tbldurations2","PK__Tbldurations2__39FAD09E","ID","1"
"Adnan","dbo","TblDurations2Salary","PK__TblDurations2Sal__4AF05276","ID","1"
"Adnan","dbo","TblEditItemCost","PK__TblEditItemCost__32E3BEBB","ID","1"
"Adnan","dbo","TblEditItemCostDet","PK__TblEditItemCostD__34CC072D","ID","1"
"Adnan","dbo","tblEInvoice","PK__tblEInvo__3214EC2739D00B02","ID","1"
"Adnan","dbo","tblEInvoice2","PK__tblEInvo__3214EC27D76E6679","ID","1"
"Adnan","dbo","TblEmbarkation","PK__TblEmbarkation__766EE201","id","1"
"Adnan","dbo","TblEmpAdvance","PK_TblEmpAdvance","AdvanceID","1"
"Adnan","dbo","TblEmpADvancedComponents","PK__TblEmpADvancedCo__1F7B1935","EmpAllocationsid","1"
"Adnan","dbo","TblEmpADvancedComponentsDetails","PK__TblEmpADvancedCo__216361A7","id","1"
"Adnan","dbo","TblEmpAdvanceDetails","PK_TblEmpAdvanceDetails","TableID","1"
"Adnan","dbo","TblEmpAdvancePayed","PK__TblEmpAdvancePay__35A02FD5","ID","1"
"Adnan","dbo","TblEmpAdvancePayedDet","PK__TblEmpAdvancePay__37887847","ID","1"
"Adnan","dbo","TblEmpAdvanceRequest","PK__TblEmpAdvanceReq__07CE782D","AdvanceID","1"
"Adnan","dbo","TblEmpAdvanceRequestDetails","PK__TblEmpAdvanceReq__09B6C09F","id","1"
"Adnan","dbo","TblEmpAdvanceRequestDetails2","PK__TblEmpAdvanceReq__20DA1D19","ID","1"
"Adnan","dbo","TblEmpAllocations","PK__TblEmpAllocation__5CF85D6A","EmpAllocationsid","1"
"Adnan","dbo","TblEmpAllocationsDetails","PK__TblEmpAllocation__5EE0A5DC","id","1"
"Adnan","dbo","TblEmpAsest","PK__TblEmpAsest__7E1003C9","EmpAsID","1"
"Adnan","dbo","TblEmpAsestDetails","PK__TblEmpAsestDetai__132B1C40","ID","1"
"Adnan","dbo","TblEmpData","PK__TblEmpData__294545E8","ID","1"
"Adnan","dbo","TblEmpDataFingerPrint","PK__TblEmpDataFinger__2B2D8E5A","ID","1"
"Adnan","dbo","TblEmpDataInOut","PK__TblEmpDataInOut__2D15D6CC","ID","1"
"Adnan","dbo","TblEmpDepartments","PK_TblEmpDepartments","DeparmentID","1"
"Adnan","dbo","TblEmpDepartmentsDet","PK__TblEmpDepartment__39C5C674","ID","1"
"Adnan","dbo","TblEmpDetails","PK__TblEmpDetails__5C7A05D4","ID","1"
"Adnan","dbo","TblEmpEvaluation","PK__TblEmpEvaluation__0F107299","ID","1"
"Adnan","dbo","TblEmpGrades","PK__TblEmpGrades__0C932D4A","gradeid","1"
"Adnan","dbo","TblEmpHolidaysDetails","PK__TblEmpHolidaysDe__15486EDC","ID","1"
"Adnan","dbo","TblEmpIncreaseMofrd","PK__TblEmpIncreaseMo__33B7E763","ID","1"
"Adnan","dbo","TblEmpIncreaseSalary","PK__TblEmpIncreaseSa__1938FB51","ID","1"
"Adnan","dbo","TblEmpIncreaseSalaryDetalis","PK__TblEmpIncreaseSa__1B2143C3","ID","1"
"Adnan","dbo","TblEmpItemsTrans","PK__TblEmpItemsTrans__1BEB4ACA","ID","1"
"Adnan","dbo","TblEmpItemsTrans2","PK__TblEmpItemsTrans__1DD3933C","ID","1"
"Adnan","dbo","TblEmpJobOrder","PK__TblEmpJobOrder__57EA5AE1","AdvanceID","1"
"Adnan","dbo","TblEmpJobsTypes","PK_TblEmpJobsTypes","JobTypeID","1"
"Adnan","dbo","TblEmployee","PK_TblEmployee","Emp_ID","1"
"Adnan","dbo","TblEmployeeWarrning","PK__TblEmployeeWarrn__01E094AD","id","1"
"Adnan","dbo","TblEmploymentModel","PK__TblEmploymentMod__73D26C78","ID","1"
"Adnan","dbo","TblEmploymentModelDet","PK__TblEmploymentMod__75BAB4EA","ID","1"
"Adnan","dbo","TblEmploymentNeed","PK__TblEmploymentNee__77A2FD5C","ID","1"
"Adnan","dbo","TblEmploymentNeedDet","PK__TblEmploymentNee__798B45CE","ID","1"
"Adnan","dbo","TblEmpMofrd","PK__TblEmpMofrd__6ED8AD31","ID","1"
"Adnan","dbo","TblEmpOper","PK__TblEmpOper__78CC2BBF","ID","1"
"Adnan","dbo","TblEmpPassOver","PK__TblEmpPassOver__3D965758","AdvanceID","1"
"Adnan","dbo","TblEmpPassOver2","PK__TblEmpPassOver2__2E891DF2","AdvanceID","1"
"Adnan","dbo","TblEmpReign","PK__TblEmpReign__7E2FFF5A","ID","1"
"Adnan","dbo","TblEmpSpecifications","PK_TblEmpSpecifications","SpecificationID","1"
"Adnan","dbo","TblEndDebtAgingInv","PK__TblEndDebtAgingI__1923ECB8","ID","1"
"Adnan","dbo","TblEndDebtAgingInvDet","PK__TblEndDebtAgingI__1B0C352A","ID","1"
"Adnan","dbo","TblEndDebtAgingInvDet2","PK__TblEndDebtAgingI__1D14792D","ID","1"
"Adnan","dbo","TblEndorseTrans","PK__TblEndorseTrans__7550A096","ID","1"
"Adnan","dbo","TblEndorseTransDet","PK__TblEndorseTransD__0D282A27","ID","1"
"Adnan","dbo","TblEndorseTransMashar","PK__TblEndorseTransM__14C94BEF","ID","1"
"Adnan","dbo","TblEquepment","PK__TblEquepment__76E3E34D","ID","1"
"Adnan","dbo","TblEquiCapacity","PK__TblEquiCapacity__5444B286","ID","1"
"Adnan","dbo","TblEquipments","PK__TblEquipments__6F7569AA","id","1"
"Adnan","dbo","TblEquipments1","PK__TblEquipments1__71CA2875","id","1"
"Adnan","dbo","TblEquipmentsDes","PK__TblEquipmentsDes__7758E499","ID","1"
"Adnan","dbo","TblEstametChiled","PK__TblEstametChiled__5BFAE2E7","ID","1"
"Adnan","dbo","TblEstiation","PK__TblEstiation__517D5474","transID","1"
"Adnan","dbo","TblEstiationBudgetDetails","PK__TblEstiationBudg__591E763C","id","1"
"Adnan","dbo","TblEstiationDetails","PK__TblEstiationDeta__53659CE6","id","1"
"Adnan","dbo","TblEstiationYaersDetails","PK__TblEstiationYaer__56420991","id","1"
"Adnan","dbo","TblEvacation","PK__TblEvacation__71800FB2","ID","1"
"Adnan","dbo","TblEvaluaEntit","PK__TblEvaluaEntit__2E5413C8","ID","1"
"Adnan","dbo","TblEvaluaEntitDet","PK__TblEvaluaEntitDe__303C5C3A","ID","1"
"Adnan","dbo","TblEvaluation","PK__TblEvaluation__0200903E","ID","1"
"Adnan","dbo","TblEvaluation_Details","PK__TblEvaluation_De__10F8BB0B","ID","1"
"Adnan","dbo","TblEvaluation_Employee","PK__TblEvaluation_Em__12E1037D","ID","1"
"Adnan","dbo","TblEvaluationStandered","PK__TblEvaluationSta__09579943","ID","1"
"Adnan","dbo","TblEvaluationStandered_Details","PK__TblEvaluationSta__0B3FE1B5","ID","1"
"Adnan","dbo","TblExchange","PK__TblExchange__479EE47F","Id","1"
"Adnan","dbo","TblExchangeDet","PK__TblExchangeDet__31CF9EF1","ID","1"
"Adnan","dbo","TblExchangeReques_Detailst","PK__TblExchangeReque__0F7A86ED","ID","1"
"Adnan","dbo","TblExchangeReques_Detailst2","PK__TblExchangeReque__2FE7567F","ID","1"
"Adnan","dbo","TblExchangeRequest","PK__TblExchangeReque__0D923E7B","ID","1"
"Adnan","dbo","TblExchangeRequest2","PK__TblExchangeReque__2DFF0E0D","ID","1"
"Adnan","dbo","TblExitvisasReturn","PK__TblExitvisasRetu__22E2611C","ID","1"
"Adnan","dbo","TblExitvisasReturnDet","PK__TblExitvisasRetu__24CAA98E","ID","1"
"Adnan","dbo","TblExp301UnitNo","PK__TblExp301UnitNo__0D7D2FE2","ID","1"
"Adnan","dbo","TblExpensesDet","PK__TblExpensesDet__08B87AC5","ID","1"
"Adnan","dbo","TblExpensesDet301","PK__TblExpensesDet30__0B94E770","ID","1"
"Adnan","dbo","TblExpensesDetVouch","PK__TblExpen__3214EC2774267BCF","ID","1"
"Adnan","dbo","TblExpensesInvesment","PK__TblExpensesInves__29F972FF","ID","1"
"Adnan","dbo","TblExpensesInvesmentDet","PK__TblExpensesInves__2BE1BB71","ID","1"
"Adnan","dbo","TblExpensiveOper","PK__TblExpensiveOper__7AB47431","ID","1"
"Adnan","dbo","TblExpUnitNo","PK__TblExpUnitNo__06D03253","ID","1"
"Adnan","dbo","TblExpUnitNoVouch","PK__TblExpUn__3214EC27343A3762","ID","1"
"Adnan","dbo","TblExpUnitNoVouch1","PK__TblExpUn__3214EC27E38ECB11","ID","1"
"Adnan","dbo","TblExtinAccounts","PK__TblExtinAccounts__3F7E9FCA","ID","1"
"Adnan","dbo","TblExtinAccountsDer","PK__TblExtinAccounts__4166E83C","ID","1"
"Adnan","dbo","TblExtraExpeneses","PK__TblExtraExpenese__66F79447","Id","1"
"Adnan","dbo","TblFarmAnimalDeath","PK__TblFarmAnimalDea__23576268","ID","1"
"Adnan","dbo","TblFarmAnimalRegister","PK__TblFarmAnimalReg__1BB640A0","ID","1"
"Adnan","dbo","TblFarmAnimalRegister2","PK__TblFarmAnimalReg__1D9E8912","ID","1"
"Adnan","dbo","TblFarmColors","PK__TblFarmColors__2AF88430","ID","1"
"Adnan","dbo","TblFarmDoctors","PK__TblFarmDoctors__2727F34C","ID","1"
"Adnan","dbo","TblFarmRequestTreatment","PK__TblFarmRequestTr__1F86D184","ID","1"
"Adnan","dbo","TblFarmRequestTreatment2","PK__TblFarmRequestTr__216F19F6","ID","1"
"Adnan","dbo","TblFinalSettl","PK__TblFinalSettl__5A91BD62","ID","1"
"Adnan","dbo","TblFinaStatem","PK__TblFinaStatem__07053C7D","ID","1"
"Adnan","dbo","TblFinaStatemDet","PK__TblFinaStatemDet__08ED84EF","ID","1"
"Adnan","dbo","TblFinished","PK__TblFinished__0FEF8839","id","1"
"Adnan","dbo","TblFiterWaiver","PK__TblFiterWaiver__51E768C8","ID","1"
"Adnan","dbo","TblFiterWaiverDe","PK__TblFiterWaiverDe__53CFB13A","ID","1"
"Adnan","dbo","TblFiterWaiverDet2","PK__TblFiterWaiverDe__1B613AE5","ID","1"
"Adnan","dbo","TblFixedAssestTmpValue","PK__TblFixedAssestTm__7743D600","ID","1"
"Adnan","dbo","TblFlightDetails","PK__TblFlightDetails__64261494","ID","1"
"Adnan","dbo","TblFlightDetails2","PK__TblFlightDetails__076F50D1","ID","1"
"Adnan","dbo","TblFollowUpAdminMeasure","PK__TblFollowUpAdmin__28904D7A","ID","1"
"Adnan","dbo","TblFollowUpAdminMeasureDetails","PK__TblFollowUpAdmin__2A7895EC","ID2","1"
"Adnan","dbo","tblFromWeb","PK__tblFromW__3214EC27ED594692","ID","1"
"Adnan","dbo","TblGemstones","PK__TblGemstones__7C47B6E8","ID","1"
"Adnan","dbo","tblGeneralCashing","PK__tblGeneralCashin__4F400647","id","1"
"Adnan","dbo","tblGeneralCashing1","PK__tblGeneralCashin__48E80E73","id","1"
"Adnan","dbo","tblGeneralCashing1Details","PK__tblGeneralCashin__4AD056E5","id","1"
"Adnan","dbo","tblGeneralCashingDetails","PK__tblGeneralCashin__51284EB9","id","1"
"Adnan","dbo","tblGeneralCashingDetailsCus","PK__tblGener__3214EC2780F21D24","ID","1"
"Adnan","dbo","TBLGeneralFRJoin","PK__TBLGeneralFRJoin__1903F127","ID","1"
"Adnan","dbo","TBLGeneralFundReceipt","PK__TBLGeneralFundRe__171BA8B5","IDGFR","1"
"Adnan","dbo","TblGestonesFrm","PK__TblGestonesFrm__0F5A8B5C","ID","1"
"Adnan","dbo","TblGoldDetail","PK__TblGoldDetail__49872CF1","Id","1"
"Adnan","dbo","TblGridguranteeSales","PK__TblGridguranteeS__207008C5","ID","1"
"Adnan","dbo","tblGroupEye","PK__tblGroupEye__7F1A01F2","ID","1"
"Adnan","dbo","TblGroupItemProductLine","PK__TblGroupItemProd__4245FDDC","ID","1"
"Adnan","dbo","TblGroupItemProductLineUsersset","PK__TblGroupItemProd__6E24801A","ID","1"
"Adnan","dbo","TblGroupQCItems","PK__TblGroupQCItems__44CD64CC","ID","1"
"Adnan","dbo","TblGroupUsers","PK__TblGroupUsers__15F27A52","ID","1"
"Adnan","dbo","TblGroupUsersDet","PK__TblGroupUsersDet__17DAC2C4","ID","1"
"Adnan","dbo","TblGType","PK__TblGType__4B6F7563","Id","1"
"Adnan","dbo","TblHandWages","PK__TblHandWages__0137548E","ID","1"
"Adnan","dbo","TblHandWages2","PK__TblHandWages2__031F9D00","ID","1"
"Adnan","dbo","TblHarborsData","PK__TblHarborsData__40FCD3E8","id","1"
"Adnan","dbo","TblHealthy","PK__TblHealthy__001847CC","ID","1"
"Adnan","dbo","tblHolidayData","PK__tblHolidayData__78572A73","id","1"
"Adnan","dbo","TblHolidays","PK__TblHolidays__0038435D","ID","1"
"Adnan","dbo","Tblholidays2","PK__Tblholidays2__3FB3A9F4","ID","1"
"Adnan","dbo","TblHotels","PK__TblHotels__58B461E8","ID","1"
"Adnan","dbo","TblImportShifts","PK__TblImportShifts__362A3FBA","ID","1"
"Adnan","dbo","TblImportShiftsDet","PK__TblImportShiftsD__3812882C","ID","1"
"Adnan","dbo","TblImportShiftsDet2","PK__TblImportShiftsD__7BC893FB","ID","1"
"Adnan","dbo","tblIndexs","PK__tblIndexs__73A84F46","ID","1"
"Adnan","dbo","TblInforVacatiom","PK__TblInforVacatiom__1EBCCA7D","ID","1"
"Adnan","dbo","TblInjury","PK__TblInjury__0B69FEE7","ID","1"
"Adnan","dbo","TblInstallmentsReq","PK__TblInstallmentsR__22585137","ID","1"
"Adnan","dbo","TblInstalVacation","PK__TblInstalVacatio__1AEC3999","ID","1"
"Adnan","dbo","TblInstalVacationDet","PK__TblInstalVacatio__1CD4820B","ID","1"
"Adnan","dbo","TblInstructors","PK__TblInstructors__587F57BE","ID","1"
"Adnan","dbo","TBLInsurances","PK__TBLInsurances__7001DB94","IDINS","1"
"Adnan","dbo","TBLInsurancesJoin","PK__TBLInsurancesJoi__71EA2406","ID","1"
"Adnan","dbo","TblInvesOpenSales","PK__TblInvesOpenSale__4F2AF7AE","ID","1"
"Adnan","dbo","TblInvestliquidation","PK__TblInvestliquida__7738E908","ID","1"
"Adnan","dbo","Tblinvestment","PK__Tblinvestment__72A93E15","ID","1"
"Adnan","dbo","TblInvestmentsGroup","PK__TblInvestmentsGr__6CF064BF","ID","1"
"Adnan","dbo","TblInvestorsGroup","PK__TblInvestorsGrou__6B081C4D","ID","1"
"Adnan","dbo","TblInvestorType","PK__TblInvestorType__67378B69","ID","1"
"Adnan","dbo","TblInvestProfitDistri","PK__TblInvestProfitD__3B23FF01","ID","1"
"Adnan","dbo","TblInvestProfitDistriDet","PK__TblInvestProfitD__3D0C4773","ID","1"
"Adnan","dbo","TblInvoiceError","PK__TblInvoiceError__755B8D8E","ID","1"
"Adnan","dbo","TblIPO","PK__TblIPO__74918687","ID","1"
"Adnan","dbo","TblIPOSharer","PK__TblIPOSharer__7679CEF9","ID","1"
"Adnan","dbo","TblIqarDiscountTrans","PK__TblIqarDiscountT__2EFE1F3E","ID","1"
"Adnan","dbo","TblIqarDiscountTrans2","PK__TblIqarDiscountT__30E667B0","ID","1"
"Adnan","dbo","TblIqrMerg","PK__TblIqrMerg__57A0421E","ID","1"
"Adnan","dbo","TblIssuBillStudent","PK__TblIssuBillStude__008D4918","ID","1"
"Adnan","dbo","TblIssuBillStudentDet","PK__TblIssuBillStude__0275918A","ID","1"
"Adnan","dbo","TblItemCatalog","PK__TblItemCatalog__7F79294E","ID","1"
"Adnan","dbo","TblItemDiamonds","PK__TblItemDiamonds__03E8D8B0","ID","1"
"Adnan","dbo","TblItemGorupShowDitailses","PK__TblItemGorupShow__4CEDA981","ID","1"
"Adnan","dbo","TblItemLoc","PK__TblItemLoc__6BB227C3","ID","1"
"Adnan","dbo","TblItemProductLine","PK__TblItemProductLi__28BB3603","ID","1"
"Adnan","dbo","TblItems","PK_TblItems","ItemID","1"
"Adnan","dbo","TblItemsAttach","PK_TblItemsAttach","TableID","1"
"Adnan","dbo","tblItemsCash","PK__tblItems__3214EC27B9D56D98","ID","1"
"Adnan","dbo","TblItemsclassesDetails","PK__TblItemsclassesD__6D1A81F1","id","1"
"Adnan","dbo","TblItemsDetails11","PK__TblItemsDetails1__2223470D","ID","1"
"Adnan","dbo","TblItemShInfo","PK__TblItemShInfo__62DCEAA0","ID","1"
"Adnan","dbo","TblItemShow","PK__TblItemShow__05D12122","ID","1"
"Adnan","dbo","TblItemShowBranch","PK__TblItemShowBranc__09A1B206","ID","1"
"Adnan","dbo","TblItemShowDitails","PK__TblItemShowDitai__07B96994","ID","1"
"Adnan","dbo","TblItemShowDitailses","PK__TblItemShowDitai__4B05610F","ID","1"
"Adnan","dbo","TblItemShows","PK__TblItemShows__4ED5F1F3","ID","1"
"Adnan","dbo","tblItemsMatrix","PK__tblItems__3214EC2793AC849B","ID","1"
"Adnan","dbo","TblItemsParts","PK_TblItemsParts","TableID","1"
"Adnan","dbo","TblItemsPrices","PK__TblItemsPrices__05AF8EE3","Id","1"
"Adnan","dbo","TblItServiceTicket","PK__TblItServiceTick__05E62FBB","ticketid","1"
"Adnan","dbo","TblJobOrders","PK__TblJobOrders__0CA9073A","ID","1"
"Adnan","dbo","TblJobOrders2","PK__TblJobOrders2__0E914FAC","ID","1"
"Adnan","dbo","TblJobOrdersTasks","PK__TblJobOrdersTask__1079981E","ID","1"
"Adnan","dbo","TblJobOrdersTasks2","PK__TblJobOrdersTask__1261E090","ID","1"
"Adnan","dbo","tblKhsmEdafa","PK_tblKhsmEdafa","KhsmEdafa_ID","1"
"Adnan","dbo","TblLastVacation","PK__TblLastVacation__20A512EF","ID","1"
"Adnan","dbo","TblLastVacationDet","PK__TblLastVacationD__228D5B61","ID","1"
"Adnan","dbo","TblLC","PK__TblLC__771756C9","TblLCID","1"
"Adnan","dbo","TBLLCHistory","PK__TBLLCHistory__4E61BBFE","ID","1"
"Adnan","dbo","TBLLCMargin","PK__TBLLCMargin__504A0470","ID","1"
"Adnan","dbo","TBLLCMargin2","PK__TBLLCMar__3214EC27C90E058C","ID","1"
"Adnan","dbo","tblLCOpenB","PK__tblLCOpe__3214EC271F94717A","ID","1"
"Adnan","dbo","TblLensesTypes","PK__TblLensesTypes__2DD4F0DB","ID","1"
"Adnan","dbo","TbLLevels","PK__TbLLevels__6F02CA63","LevelID","1"
"Adnan","dbo","TbllevelWorker","PK__TbllevelWorker__70EB12D5","id","1"
"Adnan","dbo","tblLightAdaptation","PK__tblLightAdaptati__7778E02A","ID","1"
"Adnan","dbo","TblLink_Item_To_Store_Details1","PK__TblLink_Item_To___7B889CD9","ID","1"
"Adnan","dbo","TblLink_Item_To_Store_Details2","PK__TblLink_Item_To___7D70E54B","ID2","1"
"Adnan","dbo","TblLink_Item_To_Store_Details3","PK__TblLink_Item_To___7F592DBD","ID","1"
"Adnan","dbo","TblLink_Item_To_StoreH","PK__TblLink_Item_To___79A05467","Ind","1"
"Adnan","dbo","TblLocationFarm","PK__TblLocationFarm__17E5AFBC","ID","1"
"Adnan","dbo","TblLocations","PK__TblLocations__6DAF7ECE","ID","1"
"Adnan","dbo","TblLockedOrderMaintenance","PK__TblLockedOrderMa__454C87B9","ID","1"
"Adnan","dbo","TbllProductionPlan","PK__TbllProductionPl__05120713","TbllProductionPlanD","1"
"Adnan","dbo","TbllProductionPlanDetails","PK__TbllProductionPl__06FA4F85","Id","1"
"Adnan","dbo","TbllProductionPlanDetailsGroups","PK__TbllProductionPl__0ACAE069","Id","1"
"Adnan","dbo","TblMaintenanceCompanies","PK_TblMaintenanceCompanies","CompanyID","1"
"Adnan","dbo","TblMaintenanceType","PK__TblMaintenanceTy__78222049","id","1"
"Adnan","dbo","TblMaintenanceWork","PK__TblMaintenanceWo__650F4BD5","Id","1"
"Adnan","dbo","TblMaintenece","PK_TblMaintenece","MaintananceID","1"
"Adnan","dbo","TblMainteneceDetails","PK_TblMainteneceDetails","TableID","1"
"Adnan","dbo","TblMainteneceNew","PK_TblMainteneceNew","MaintananceID","1"
"Adnan","dbo","TblManagerialArea","PK__TblManagerialAre__3B8E1355","ID","1"
"Adnan","dbo","TblManAlram","PK_TblManAlram","TableID","1"
"Adnan","dbo","TblManDetailsReplacedItems","PK_TblManDetailsReplacedItems","ID","1"
"Adnan","dbo","TblManOperations","PK_TblManOperations","ManOperationTypeID","1"
"Adnan","dbo","TblManSupDecs","PK_TblManSupDecs","SupDecID","1"
"Adnan","dbo","tblMaterial","PK__tblMaterial__580034D1","ID","1"
"Adnan","dbo","TblMatrials","PK__TblMatrials__6E4E9D4C","ID","1"
"Adnan","dbo","TblMessageDef","PK__TblMessageDef__49D145B4","id","1"
"Adnan","dbo","TblMessageDefDES","PK__TblMessageDefDES__4BB98E26","id","1"
"Adnan","dbo","TblMinistryContract","PK__TblMinistryContr__3F5EA439","IDMC","1"
"Adnan","dbo","TblMinistryContract_Installment","PK__TblMinistryContr__4146ECAB","ID","1"
"Adnan","dbo","TblMinistryContract_Years","PK__TblMinistryContr__5DE32B59","ID","1"
"Adnan","dbo","TblModelInves","PK__TblModelInves__2C36C12C","ID","1"
"Adnan","dbo","TblModelss","PK__TblModelss__7A5F6E76","ID","1"
"Adnan","dbo","TblMoveEmp1","PK__TblMoveEmp1__05B12591","ID","1"
"Adnan","dbo","TblMovingEmp","PK__TblMovingEmp__5F8B7CA9","id","1"
"Adnan","dbo","TblMultuPayment","PK__TblMultuPayment__161275E3","ID","1"
"Adnan","dbo","TblMunicipalityDet","PK__TblMunicipalityD__2E341837","ID","1"
"Adnan","dbo","TblMyMenue","PK__TblMyMenue__1360266A","id","1"
"Adnan","dbo","TblNotesBillBuyPayment","PK__TblNotesBillBuyP__203AFE9B","ID","1"
"Adnan","dbo","TblNotesBillBuyPayment2","PK__TblNotesBillBuyP__6974D996","ID","1"
"Adnan","dbo","TblNotesBillProjectPayment","PK__TblNotesBillProj__6F2DB2EC","ID","1"
"Adnan","dbo","TblNotesBillVindorPayment","PK__TblNotesBillVind__5F9669A1","ID","1"
"Adnan","dbo","TblNotesOwnerPayment","PK__TblNotesOwnerPay__114DC0C6","ID","1"
"Adnan","dbo","TblNotesOwnerPayment202","PK__TblNotesOwnerPay__2025F002","ID","1"
"Adnan","dbo","TblNotesSales","PK__TblNotesSales__5A47A49F","ID","1"
"Adnan","dbo","TblNotesTypes","PK_TblNotesTypes","NotesType","1"
"Adnan","dbo","TblOffice","PK__TblOffice__60957AD2","id","1"
"Adnan","dbo","TblOffline","PK__TblOffline__7F4F0C1C","ID","1"
"Adnan","dbo","TblOffline2","PK__TblOffline2__38878978","ID","1"
"Adnan","dbo","tblOilsTypes","PK__tblOilsT__3214EC277F3A0DDF","ID","1"
"Adnan","dbo","TblOLDContract","PK__TblOLDContract__5DA33437","id","1"
"Adnan","dbo","TblOpDevelopment","PK__TblOpDevelopment__41E60B29","Id","1"
"Adnan","dbo","TblOpenClosPeriod","PK__TblOpenClosPerio__140A31E0","ID","1"
"Adnan","dbo","TblOpenClosPeriodDet1","PK__TblOpenClosPerio__19C30B36","ID","1"
"Adnan","dbo","TblOpenClosPeriodDet2","PK__TblOpenClosPerio__1BAB53A8","ID","1"
"Adnan","dbo","tblOptionsCash","PK__tblOptio__3214EC273F6094EA","ID","1"
"Adnan","dbo","TblOrderedEmptying","PK__TblOrderedEmptyi__039EBFED","ID","1"
"Adnan","dbo","TblOrderMaint","PK__TblOrderMaint__4C2E8F72","ID","1"
"Adnan","dbo","TblOrderMaintenance","PK__TblOrderMaintena__417BF6D5","ID","1"
"Adnan","dbo","TblOrderMaintenanceDet","PK__TblOrderMaintena__43643F47","ID","1"
"Adnan","dbo","tblordermaintenancetypes","PK__tblordermaintena__1750B2DF","ID","1"
"Adnan","dbo","TblOrderUpload","PK__TblOrderUpload__3F148B76","ID","1"
"Adnan","dbo","TblOrederOpen","PK__TblOrederOpen__6193C0AC","id","1"
"Adnan","dbo","tblOrigin","PK__tblOrigin__6DEF75F0","ID","1"
"Adnan","dbo","TblOtheExpensAqar","PK__TblOtheExpensAqa__051CF40B","ID","1"
"Adnan","dbo","TblOtheExpensAqarDet","PK__TblOtheExpensAqa__1182CAF0","ID","1"
"Adnan","dbo","TblOtherComp","PK__TblOtherComp__0B89FA78","ID","1"
"Adnan","dbo","TblOutType","PK__TblOutType__5602126F","id","1"
"Adnan","dbo","TblOwnerPayment","PK__TblOwnerPayment__13360938","ID","1"
"Adnan","dbo","TblOwnerPayment202","PK__TblOwnerPayment2__220E3874","ID","1"
"Adnan","dbo","TblOwnersFarm","PK__TblOwnersFarm__15FD674A","ID","1"
"Adnan","dbo","tblPacking","PK__tblPacking__02EA92D6","ID","1"
"Adnan","dbo","TblPands","PK__TblPands__50A92BCC","ID","1"
"Adnan","dbo","TblPassports","PK__TblPassports__7FF84C3B","id","1"
"Adnan","dbo","tblPaymentClass","PK__tblPaymentClass__2574B504","ID","1"
"Adnan","dbo","TblPaymentType","PK__TblPaymentType__14BCC849","PaymentID","1"
"Adnan","dbo","TblPaymentUser","PK__TblPaymentUser__2DE9FF74","ID","1"
"Adnan","dbo","TblPaymetData","PK__TblPaymetData__09F6B7C1","ID","1"
"Adnan","dbo","TblPayPrePayed","PK__TblPayPrePayed__6BE731ED","ID","1"
"Adnan","dbo","TblPaytAmortization","PK__TblPaytAmortizat__617EB213","ID","1"
"Adnan","dbo","TblPaytAmortizationDet","PK__TblPaytAmortizat__6366FA85","ID","1"
"Adnan","dbo","TblPhoneBook","PK__TblPhoneBook__3A44E961","Id","1"
"Adnan","dbo","TblPilgrimsService","PK__TblPilgrimsServi__5E6D3B3E","ID","1"
"Adnan","dbo","TblPilgrimsServiceDet","PK__TblPilgrimsServi__605583B0","ID","1"
"Adnan","dbo","TblPlainMessage","PK__TblPlainMessage__47E8FD42","id","1"
"Adnan","dbo","TblPlanBranches","PK__TblPlanBranches__2ED336B5","id","1"
"Adnan","dbo","Tblposdata","PK__Tblposdata__2A4DAD63","BoxID","1"
"Adnan","dbo","TblPrintBarCode","PK__TblPrintBarCode__1EDB2F60","id","1"
"Adnan","dbo","TblPripaidExpChiled","PK__TblPripaidExpChi__2A2E7D29","ID","1"
"Adnan","dbo","TblPripaidExpenses","PK__TblPripaidExpens__265DEC45","ID","1"
"Adnan","dbo","TblPripaidExpensesDet","PK__TblPripaidExpens__284634B7","ID","1"
"Adnan","dbo","TblProceeDevelper","PK__TblProceeDevelpe__59DD904B","ID","1"
"Adnan","dbo","TblProceeDevelperDet","PK__TblProceeDevelpe__5BC5D8BD","ID","1"
"Adnan","dbo","TblProcessDEF","PK__TblProcessDEF__581F650B","TblProcessDEFID","1"
"Adnan","dbo","TblProcessDEFDetails","PK__TblProcessDEFDet__5A07AD7D","ID","1"
"Adnan","dbo","TblProcessReport","PK__TblProcessReport__79412D0B","ID","1"
"Adnan","dbo","TblProcessReportDet","PK__TblProcessReport__7B29757D","ID","1"
"Adnan","dbo","TblProcessReportDet2","PK__TblProcessReport__1F66D5F3","ID","1"
"Adnan","dbo","TblProcessUnites","PK__TblProcessUnites__56371C99","UnitID","1"
"Adnan","dbo","tblProductionAlloc","PK__tblProductionAll__7A0A68BB","ID","1"
"Adnan","dbo","tblProductionAllocDetails","PK__tblProductionAll__7BF2B12D","id2","1"
"Adnan","dbo","TblProductionAllocDetails1","PK__TblProductionAll__7C9CBCA3","ID","1"
"Adnan","dbo","TBLProductionElements","PK__TBLProductionEle__03F22EFA","TBLProductionElementsId","1"
"Adnan","dbo","TblProductionType","PK__TblProductionTyp__485DFE8E","Id","1"
"Adnan","dbo","TblProductLine","PK__TblProductLine__7AE71C56","id","1"
"Adnan","dbo","TblProductLineDistribution","PK__TblProductLineDi__53DA9E32","ID","1"
"Adnan","dbo","TblProductLineDistributionDet","PK__TblProductLineDi__2AA37E75","ID","1"
"Adnan","dbo","TblProductLineEquipments","PK__TblProductLineEq__2B8A53B1","id","1"
"Adnan","dbo","TblProductLineWorker","PK__TblProductLineWo__0A295FE6","id","1"
"Adnan","dbo","TblProductMixItems","PK__TblProductMixIte__3C381ECB","ID","1"
"Adnan","dbo","TblProductOrderFactoryExpenses","PK__TblProductOrderF__29E20261","id","1"
"Adnan","dbo","TblProductOrderLines","PK__TblProductOrderL__39044A60","id","1"
"Adnan","dbo","TblProductOrderWorker","PK__TblProductOrderW__55A0890E","id","1"
"Adnan","dbo","TblProgrammTypes","PK__TblProgrammTypes__54E3D104","ID","1"
"Adnan","dbo","TblProjecInvestment","PK__TblProjecInvestm__28663048","ID","1"
"Adnan","dbo","TblProjecInvestmentDet","PK__TblProjecInvestm__2A4E78BA","ID","1"
"Adnan","dbo","TBLProjectBillHistory","PK__TBLProje__3214EC27716DEC70","ID","1"
"Adnan","dbo","TblProjectMonthBill","PK__TblProjectMonthB__7FCE2F09","ID","1"
"Adnan","dbo","TblProjectMonthBillDet","PK__TblProjectMonthB__01B6777B","ID","1"
"Adnan","dbo","TblProjectUser","PK__TblProjectUser__011758FD","ID","1"
"Adnan","dbo","TblProjePayPrePayed","PK__TblProjePayPrePa__6DCF7A5F","ID","1"
"Adnan","dbo","TblProofExpenses","PK__TblProofExpenses__48B30449","ID","1"
"Adnan","dbo","TblProofExpensesDet","PK__TblProofExpenses__4A9B4CBB","ID","1"
"Adnan","dbo","tblPumpType","PK__tblPumpT__3214EC274D9FC822","ID","1"
"Adnan","dbo","TblQCItems","PK__TblQCItems__6761A89B","qcid","1"
"Adnan","dbo","TblQestFexed","PK__TblQestFexed__50BE3A65","QestID","1"
"Adnan","dbo","TblQuality","PK__TblQuality__5D991296","ID","1"
"Adnan","dbo","TblQualityDet","PK__TblQualityDet__5F815B08","ID","1"
"Adnan","dbo","TblQuesEmp","PK__TblQuesEmp__0D524759","ID","1"
"Adnan","dbo","TblQuPices","PK__TblQuPices__0D7242EA","ID","1"
"Adnan","dbo","TblQutations","PK__TblQutations__7036E5BE","ID","1"
"Adnan","dbo","TblQutationsDetls1","PK__TblQutationsDetl__721F2E30","ID","1"
"Adnan","dbo","TblQutationsTech","PK__TblQutationsTech__740776A2","ID","1"
"Adnan","dbo","TblRating","PK__TblRating__37F28C9B","Id","1"
"Adnan","dbo","TblReCalVATPO","PK__TblReCalVATPO__04B2DFB7","ID","1"
"Adnan","dbo","TblReCalVATPODet","PK__TblReCalVATPODet__069B2829","ID","1"
"Adnan","dbo","TblReceiveTreat","PK__TblReceiveTreat__54D8E40C","ID","1"
"Adnan","dbo","TblReceiveTreatDetails1","PK__TblReceiveTreatD__56C12C7E","ID","1"
"Adnan","dbo","TblReceiveTreatDetails2","PK__TblReceiveTreatD__58A974F0","ID","1"
"Adnan","dbo","TblReCost","PK__TblReCost__7D11BDEF","ID","1"
"Adnan","dbo","TblReCostCalc","PK__TblReCostCalc__13C0191D","ID","1"
"Adnan","dbo","TblReCostCalcDet","PK__TblReCostCalcDet__15A8618F","ID","1"
"Adnan","dbo","TblReCostCalcDet2","PK__TblReCostCalcDet__1790AA01","ID","1"
"Adnan","dbo","TblReCostDet","PK__TblReCostDet__7EFA0661","ID","1"
"Adnan","dbo","TblRegDateDelgate","PK__TblRegDateDelgat__2549CC7B","Id","1"
"Adnan","dbo","TblRegDateDelgateDails","PK__TblRegDateDelgat__273214ED","Id","1"
"Adnan","dbo","TblRegDateDelgateDailsGrantee","PK__TblRegDa__3214EC275F7D7B3D","ID","1"
"Adnan","dbo","TblRegDevelopment","PK__TblRegDevelopmen__43CE539B","Id","1"
"Adnan","dbo","TBLRegisterHoliday","PK__TBLRegisterHolid__32E2F364","id","1"
"Adnan","dbo","TBLRegisterHolidayDet","PK__TBLRegisterHolid__493D142E","ID","1"
"Adnan","dbo","TblRegsterSickleave","PK__TblRegsterSickle__2A8382E4","ID","1"
"Adnan","dbo","TblRegsterSickleave2","PK__TblRegsterSickle__00AD44A9","ID","1"
"Adnan","dbo","TblRegsterSickleaveDet","PK__TblRegsterSickle__2C6BCB56","ID","1"
"Adnan","dbo","TblRegTimeDelgate","PK__TblRegTimeDelgat__291A5D5F","Id","1"
"Adnan","dbo","TBLRegularMaint","PK__TBLRegularMaint__4E95FAD1","id","1"
"Adnan","dbo","TblRelations","PK__TblRelations__5F56727F","ID","1"
"Adnan","dbo","TblRentStatus","PK__TblRentStatus__354B2A1A","id","1"
"Adnan","dbo","TblRentType","PK__TblRentType__3362E1A8","id","1"
"Adnan","dbo","TblRequerMainten","PK__TblRequerMainten__4A464700","ID","1"
"Adnan","dbo","TblRequerMaintenDet","PK__TblRequerMainten__619EADA4","ID","1"
"Adnan","dbo","TblRequest_MinistryContract","PK__TblRequest_Minis__3E3575D6","ID","1"
"Adnan","dbo","TblRequest_MinistryContract_Detailst","PK__TblRequest_Minis__401DBE48","ID","1"
"Adnan","dbo","TblRequestOpenAccount","PK__TblRequestOpenAc__63270363","ID","1"
"Adnan","dbo","tblReservationType","PK__tblReservationTy__144A2902","ID","1"
"Adnan","dbo","tblRestsSiftTrans","PK__tblRestsSiftTran__34B6F894","ID","1"
"Adnan","dbo","tblRestsSiftTrans2","PK__tblRestsSiftTran__369F4106","ID","1"
"Adnan","dbo","tblRestsTypes","PK__tblRestsTypes__32CEB022","ID","1"
"Adnan","dbo","TblReturnExpensInves","PK__TblReturnExpensI__5479BCB0","ID","1"
"Adnan","dbo","TblRevenuesTypes","PK_TblRevenuesTypes","RevenuesID","1"
"Adnan","dbo","TblRooms","PK__TblRooms__6B1D2AE6","id","1"
"Adnan","dbo","TblRowsEstimated","PK__TblRowsEstimated__46D5A8CF","ID","1"
"Adnan","dbo","TblRowsEstimated2","PK__TblRowsEstimated__48BDF141","ID","1"
"Adnan","dbo","TblSalaryNotesPayment","PK__TblSalaryNotesPa__76CED4B4","ID","1"
"Adnan","dbo","TblSaleBilllInvestment","PK__TblSaleBilllInve__3382DD39","ID","1"
"Adnan","dbo","TblSaleBilllInvestmentDet","PK__TblSaleBilllInve__356B25AB","ID","1"
"Adnan","dbo","TblSalePriceNames","PK__TblSalePriceName__51FAE0B3","id","1"
"Adnan","dbo","TblSalesAndCollectionPlan","PK__TblSalesAndColle__525AD366","TblSalesAndCollectionPlanId","1"
"Adnan","dbo","TblSalesAndCollectionPlanDetails","PK__TblSalesAndColle__54431BD8","id","1"
"Adnan","dbo","TblSalesGExpepenses","PK__TblSalesGExpepen__3A4FD659","id","1"
"Adnan","dbo","TblSalesMixItems","PK__TblSalesMixItems__2C01B702","ID","1"
"Adnan","dbo","TblSalesPayment","PK__TblSalesPayment__73F26809","ID","1"
"Adnan","dbo","TblSalesPayPrePayed","PK__TblSalesPayPrePa__3B0EF068","ID","1"
"Adnan","dbo","TblSalesPoints","PK__TblSalesPoints__383283BD","ID","1"
"Adnan","dbo","TblSalesPrices","PK__TblSalesPrices__121565C8","Id","1"
"Adnan","dbo","TblSalesPricesPlan","PK__TblSalesPricesPl__48D1692C","PlanId","1"
"Adnan","dbo","TblSalesPricesPlanDetails","PK__TblSalesPricesPl__4AB9B19E","Id","1"
"Adnan","dbo","TblSalesPricesPlanDetails2","PK__TblSalesPricesPl__5ADCA17C","Id","1"
"Adnan","dbo","TblSalesPricesPlanDetails3","PK_INDX_TblSalesPricesPlanDetails3","PlaneId","1"
"Adnan","dbo","TblSalesPricesPlanDetails3","PK_INDX_TblSalesPricesPlanDetails3","Ser","2"
"Adnan","dbo","TblSalesRepComm","PK__TblSalesRepComm__70354F10","id","1"
"Adnan","dbo","TblSalesRepCommDetails","PK__TblSalesRepCommD__721D9782","id","1"
"Adnan","dbo","TblSalesRepCommDetails1","PK__TblSalesRepCommD__4F7E66BB","id","1"
"Adnan","dbo","TblSalesRepCommTarget","PK__TblSalesRepCommT__2F26A5C2","id","1"
"Adnan","dbo","TblSalesRepCommTargetDetails","PK__TblSalesRepCommT__310EEE34","id","1"
"Adnan","dbo","TBLSalesRepData","PK__TBLSalesRepData__52A4EC29","id","1"
"Adnan","dbo","TBLSalesRepData2","PK__TBLSalesRepData2__0329BEA1","id","1"
"Adnan","dbo","TBLSalesRepData3","PK__TBLSalesRepData3__1083B9BF","id","1"
"Adnan","dbo","TBLSalesRepGroups","PK__TBLSalesRepGroup__50BCA3B7","id","1"
"Adnan","dbo","TBLSalesRepGroups2","PK__TBLSalesRepGroup__0141762F","id","1"
"Adnan","dbo","TBLSalesRepGroups3","PK__TBLSalesRepGroup__0E9B714D","id","1"
"Adnan","dbo","TblSalesTarget","PK__TblSalesTarget__377BF4A1","id","1"
"Adnan","dbo","tblSchemes","PK__tblSchemes__3674587D","id","1"
"Adnan","dbo","TblSchooleFile","PK__TblSchooleFile__39A5CAE3","ID","1"
"Adnan","dbo","tblScreenCriteria","PK__tblScreenCriteri__635C0D8D","CriteriaID","1"
"Adnan","dbo","tblScreenCriteriaValues","PK__tblScreenCriteri__6CE577C7","id","1"
"Adnan","dbo","TblSearchUnitEmpty","PK__TblSearchUnitEmp__43EE4F2C","ID","1"
"Adnan","dbo","TblSeasons","PK__TblSeasons__73685824","ID","1"
"Adnan","dbo","TblSection","PK__TblSection__1CB4867A","Id","1"
"Adnan","dbo","TblSemiGemstones","PK__TblSemiGemstones__4D57BDD5","ID","1"
"Adnan","dbo","tblService","PK__tblService__7B49710E","ID","1"
"Adnan","dbo","TblSessions","PK__TblSessions__2F126280","SessionD","1"
"Adnan","dbo","TblSettsReqLimK","PK__TblSettsReqLimK__507421A2","ID","1"
"Adnan","dbo","TblSettsReqLimKDet","PK__TblSettsReqLimKD__525C6A14","ID","1"
"Adnan","dbo","TblSettsRequestLimit","PK__TblSettsRequestL__43843AD8","ID","1"
"Adnan","dbo","TblSettsRequestLimitDet","PK__TblSettsRequestL__456C834A","ID","1"
"Adnan","dbo","TblSex","PK__TblSex__06BB23BA","ID","1"
"Adnan","dbo","tblShapes","PK__tblShapes__542FA3ED","ID","1"
"Adnan","dbo","tblShapesNew","PK__tblShapesNew__5617EC5F","ID","1"
"Adnan","dbo","TblSharesGroup","PK__TblSharesGroup__654F42F7","ID","1"
"Adnan","dbo","TblShareType","PK__TblShareType__691FD3DB","ID","1"
"Adnan","dbo","TbLSheft","PK__TbLSheft__14D10B8B","SeftCode","1"
"Adnan","dbo","TblShiftWorker","PK__TblShiftWorker__30FAAAF2","id","1"
"Adnan","dbo","TblShipingData","PK__TblShipingData__0BDF0033","ID","1"
"Adnan","dbo","TblShipsData","PK__TblShipsData__42E51C5A","id","1"
"Adnan","dbo","TblShrines","PK__TblShrines__660E5D06","ID","1"
"Adnan","dbo","TblSickleave","PK__TblSickleave__26B2F200","ID","1"
"Adnan","dbo","TblSickleaveDet","PK__TblSickleaveDet__289B3A72","ID","1"
"Adnan","dbo","TblSizesNames","PK__TblSizesNames__08D87656","ID","1"
"Adnan","dbo","TblSlaeInstalOrder","PK__TblSlaeInstalOrd__43B94502","ID","1"
"Adnan","dbo","TblSocialInsurance","PK__TblSocialInsuran__79563BA4","ID","1"
"Adnan","dbo","TblSocialInsuranceDet","PK__TblSocialInsuran__7B3E8416","ID","1"
"Adnan","dbo","TblSpeciaAsement","PK__TblSpeciaAsement__21793B97","Id","1"
"Adnan","dbo","TblSpecification","PK__TblSpecification__3BC31D7F","ID","1"
"Adnan","dbo","tblSpecificComponent","PK__tblSpecificCompo__1C93BF92","SpecificComponentId","1"
"Adnan","dbo","tblSpecificComponentDetails","PK__tblSpecificCompo__1E7C0804","id","1"
"Adnan","dbo","TblSpecificFixed","PK__TblSpecificFixed__016171C0","ID","1"
"Adnan","dbo","TblSpecificFixedDeti","PK__TblSpecificFixed__0349BA32","ID","1"
"Adnan","dbo","TblSphCylCusType","PK__TblSphCylCusType__11F7CC3C","ID","1"
"Adnan","dbo","TblSphCylCusType2","PK__TblSphCylCusType__13E014AE","ID","1"
"Adnan","dbo","TblSpreading","PK__TblSpreading__70C0F5A3","ID","1"
"Adnan","dbo","TblStatusFarm","PK__TblStatusFarm__19CDF82E","ID","1"
"Adnan","dbo","TblStopDealing","PK__TblStopDealing__57F547D9","ID","1"
"Adnan","dbo","TblStopDealing_Details","PK__TblStopDealing_D__4D42AF3C","ID","1"
"Adnan","dbo","TblStore","PK_TblStore","StoreID","1"
"Adnan","dbo","TblstoresLocations","PK__TblstoresLocatio__6949F10D","Locid","1"
"Adnan","dbo","TblStrain","PK__TblStrain__122CD666","ID","1"
"Adnan","dbo","TblStrartGard","PK__TblStrartGard__7A33BA96","id","1"
"Adnan","dbo","TblStrartGardDetails","PK__TblStrartGardDet__7C1C0308","id","1"
"Adnan","dbo","TblStuCandidacy","PK__TblStuCandidacy__60207986","ID","1"
"Adnan","dbo","TblStuCandidacyAccept","PK__TblStuCandidacyA__63F10A6A","ID","1"
"Adnan","dbo","TblStuCandidacyAcceptDet","PK__TblStuCandidacyA__65D952DC","ID","1"
"Adnan","dbo","TblStuCandidacyDet","PK__TblStuCandidacyD__6208C1F8","ID","1"
"Adnan","dbo","TblStudCalling","PK__TblStudCalling__714B0588","ID","1"
"Adnan","dbo","TblStudCalling2","PK__TblStudCalling2__16327174","ID","1"
"Adnan","dbo","TblStudent","PK__TblStudent__4754CBBC","ID","1"
"Adnan","dbo","TblStudentClassRooms","PK__TblStudentClassR__54AEC6DA","ID","1"
"Adnan","dbo","TblStudentContract","PK__TblStudentContra__4D0DA512","ID","1"
"Adnan","dbo","TblStudentCurs","PK__TblStudentCurs__4EF5ED84","ID","1"
"Adnan","dbo","TblStudentQualification","PK__TblStudentQualif__50DE35F6","ID","1"
"Adnan","dbo","TblStudentTeachers","PK__TblStudentTeache__56970F4C","ID","1"
"Adnan","dbo","TblStudentTypeCurs","PK__TblStudentTypeCu__52C67E68","ID","1"
"Adnan","dbo","TblStudentTypeTrinng","PK__TblStudentTypeTr__11B7D51A","ID","1"
"Adnan","dbo","TblStudMchinFingerprint","PK__TblStudMchinFing__751B966C","ID","1"
"Adnan","dbo","TblStudTermiCompany","PK__TblStudTermiComp__7EA500A6","ID","1"
"Adnan","dbo","TblStudTirmination","PK__TblStudTirminati__73334DFA","ID","1"
"Adnan","dbo","TblStuFingerprint","PK__TblStuFingerprin__6B922C32","ID","1"
"Adnan","dbo","TblStuGroup","PK__TblStuGroup__67C19B4E","ID","1"
"Adnan","dbo","TblStuGroupDet","PK__TblStuGroupDet__69A9E3C0","ID","1"
"Adnan","dbo","TblStuGroupUpdate","PK__TblStuGroupUpdat__4CD89AE8","ID","1"
"Adnan","dbo","TblStuGroupUpdateDet","PK__TblStuGroupUpdat__4EC0E35A","ID","1"
"Adnan","dbo","TblStuNoDay","PK__TblStuNoDay__49080A04","ID","1"
"Adnan","dbo","TblStuRepTab","PK__TblStuRepTab__444354E7","ID","1"
"Adnan","dbo","TblStuRepTab2","PK__TblStuRepTab2__471FC192","ID","1"
"Adnan","dbo","TblSupervisorAllocation","PK__TblSupervisorAll__5FCB73CB","IDSA","1"
"Adnan","dbo","TblSupervisorAllocation_Details","PK__TblSupervisorAll__61B3BC3D","ID","1"
"Adnan","dbo","TblTamimi","PK__TblTamimi__606070A8","ID","1"
"Adnan","dbo","TblTamimi2","PK__TblTamimi2__6248B91A","ID","1"
"Adnan","dbo","TblTamimi3","PK__TblTamimi3__6431018C","ID","1"
"Adnan","dbo","TblTasks","PK__TblTasks__06F02DE4","ID","1"
"Adnan","dbo","TblTempCustomerAging","PK__TblTempCustomerA__58A8A999","SpecificComponentId","1"
"Adnan","dbo","TblTempEmployee","PK__TblTempEmployee__2554B973","ID","1"
"Adnan","dbo","TblTempEmpSalary","PK__TblTempEmpSalary__28112A8D","ID","1"
"Adnan","dbo","TblTempItemAging","PK__TblTempItemAging__52668BB5","Id","1"
"Adnan","dbo","TblTestCertificate","PK__TblTestCertifica__59FD8BDC","ID","1"
"Adnan","dbo","TblTestCertificateDet","PK__TblTestCertifica__5BE5D44E","ID","1"
"Adnan","dbo","tblTimeSetting","PK_tblTimeSetting","Rec_ID","1"
"Adnan","dbo","tblTimeSettingEmp","PK_tblTimeSettingEmp","Rec_ID","1"
"Adnan","dbo","TblTipDates","PK__TblTipDates__3E4062CE","ID","1"
"Adnan","dbo","TblTipDates2","PK__TblTipDates2__4210F3B2","ID","1"
"Adnan","dbo","TblTipDatesReg","PK__TblTipDatesReg__4028AB40","ID","1"
"Adnan","dbo","TblTipDatesReg2","PK__TblTipDatesReg2__43F93C24","ID","1"
"Adnan","dbo","TblTourismCompanies","PK__TblTourismCompan__56CC1976","ID","1"
"Adnan","dbo","TblTrainingRequest","PK__TblTrainingReque__0DE74436","ID","1"
"Adnan","dbo","TblTransacRegistr","PK__TblTransacRegist__431A2684","ID","1"
"Adnan","dbo","TblTransacRegistrDet","PK__TblTransacRegist__4E8BD930","ID","1"
"Adnan","dbo","TblTransactionInvest","PK__TblTransactionIn__4B5A66CA","ID","1"
"Adnan","dbo","TblTransactionPayments","PK__TblTransactionPa__4675B61C","id","1"
"Adnan","dbo","TblTransactionsApproval","PK__TblTransactionsA__788C349D","id","1"
"Adnan","dbo","TblTransCoupons","PK__TblTransCoupons__5E0326EA","ID","1"
"Adnan","dbo","TblTransctionIDES","PK__TblTransctionIDE__19E306C7","ID","1"
"Adnan","dbo","TblTransferAssets","PK__TblTransferAsset__08987F34","ID","1"
"Adnan","dbo","TblTransferAssetsDet","PK__TblTransferAsset__0A80C7A6","ID","1"
"Adnan","dbo","TblTravDueK","PK__TblTravDueK__2184288F","ID","1"
"Adnan","dbo","TblTravDueKDet","PK__TblTravDueKDet__236C7101","ID","1"
"Adnan","dbo","TblTravelTransDet","PK__TblTravelTransDe__4F4AF33F","ID","1"
"Adnan","dbo","TblTreatment","PK__TblTreatment__0981B675","ID","1"
"Adnan","dbo","TblTripReg","PK__TblTripReg__275CFD76","ID","1"
"Adnan","dbo","TblTrips","PK__TblTrips__6F97C740","ID","1"
"Adnan","dbo","tblTripTrans","PK__tblTripTrans__799632C6","ID","1"
"Adnan","dbo","tblTripTrans2","PK__tblTripTrans2__7B7E7B38","ID","1"
"Adnan","dbo","tblTripTrans3","PK__tblTripTrans3__7D66C3AA","ID","1"
"Adnan","dbo","TblTripTypesTransport","PK__TblTripTypesTran__5BB0CA24","ID","1"
"Adnan","dbo","TblTypeActivity","PK__TblTypeActivity__6DBA6BC6","ID","1"
"Adnan","dbo","TblTypeClaim","PK__TblTypeClaim__1770AE70","ID","1"
"Adnan","dbo","TblTypeDeduction","PK__TblTypeDeduction__1958F6E2","ID","1"
"Adnan","dbo","TblTypeDependence","PK__TblTypeDependenc__158865FE","ID","1"
"Adnan","dbo","TblTypeDiscards","PK__TblTypeDiscards__6E199322","ID","1"
"Adnan","dbo","TblTypeExtraExpeneses","PK__TblTypeExtraExpe__1ACC3E08","Id","1"
"Adnan","dbo","TblTypeFarm","PK__TblTypeFarm__0E5C4582","ID","1"
"Adnan","dbo","TblTypeImage","PK__TblTypeImage__69E9DAE2","ID","1"
"Adnan","dbo","TblTypeImage2","PK__TblTypeImage2__6BD22354","ID","1"
"Adnan","dbo","tblTypeItems","PK__tblTypeItems__4E76CA97","ID","1"
"Adnan","dbo","TblTypeLenShow","PK__TblTypeL__3214EC271C6CDF19","ID","1"
"Adnan","dbo","TblTypesofshipping","PK__TblTypesofshippi__259ED236","ID","1"
"Adnan","dbo","TblTypesTransport","PK__TblTypesTranspor__59C881B2","ID","1"
"Adnan","dbo","TblTypesTripStatus","PK__TblTypesTripStat__3DEB5D13","ID","1"
"Adnan","dbo","TblTypeVats","PK__TblTypeVats__6FA2B438","ID","1"
"Adnan","dbo","TblTypeVisit","PK__TblTypeVisit__23618409","Id","1"
"Adnan","dbo","TblTypicalProduction","PK__TblTypicalProduc__7CDB1D17","id","1"
"Adnan","dbo","TblTypicalProduction2","PK__TblTypicalProduc__5FF4C5A6","id","1"
"Adnan","dbo","TblUnitNoInformation","PK__TblUnitNoInforma__5E183583","ID","1"
"Adnan","dbo","tblUsage","PK__tblUsage__01024A64","ID","1"
"Adnan","dbo","TblUserAccount","PK__TblUserAccount__4A863E22","ID","1"
"Adnan","dbo","TblUserComp","PK__TblUserComp__7D7BD243","ID","1"
"Adnan","dbo","tblUserPermAccounts","PK__tblUserPermAccou__4AA639B3","ID","1"
"Adnan","dbo","TblUsers","PK_TblUsers","UserID","1"
"Adnan","dbo","TblUsersBoxes","PK__TblUsersBoxes__377369AE","id","1"
"Adnan","dbo","TblUsersBranches","PK__TblUsersBranches__65645190","id","1"
"Adnan","dbo","TblUserScreen","PK__TblUserScreen__014C6327","ID","1"
"Adnan","dbo","TblUsersProductLine","PK__TblUsersProductL__26D2ED91","id","1"
"Adnan","dbo","TblUsersStores","PK__TblUsersStores__637C091E","id","1"
"Adnan","dbo","TblVacation","PK__TblVacation__02208BCF","ID","1"
"Adnan","dbo","tblVacationData","PK__tblVacationData__33ECF18D","ID","1"
"Adnan","dbo","TblVacationDays","PK__TblVacationDays__7E4FFAEB","ID","1"
"Adnan","dbo","TblVacationDays2","PK__TblVacationDays2__3DCB6182","ID","1"
"Adnan","dbo","TblVacationSalary","PK__TblVacationSalar__17FABE55","ID","1"
"Adnan","dbo","TblVacationSchedule","PK__TblVacationSched__0408D441","ID","1"
"Adnan","dbo","TblVacationSchedule2","PK__TblVacationSched__41D0FC90","ID","1"
"Adnan","dbo","TblVacationschedule22","PK__TblVacationsched__419BF266","ID","1"
"Adnan","dbo","TblVacationSettings","PK__TblVacationSetti__15535BD4","ID","1"
"Adnan","dbo","TblVacationSettingsDet","PK__TblVacationSetti__173BA446","ID","1"
"Adnan","dbo","TblVacationTypes","PK__TblVacationTypes__05F11CB3","ID","1"
"Adnan","dbo","TblVATAvowal","PK__TblVATAvowal__32AEB491","ID","1"
"Adnan","dbo","TblVATSettings","PK__TblVATSettings__6386F616","ID","1"
"Adnan","dbo","TblVATSettingsDet","PK__TblVATSettingsDe__656F3E88","ID","1"
"Adnan","dbo","TblVehicleAllocation","PK__TblVehicleAlloca__432F351D","IDVA","1"
"Adnan","dbo","TblVehicleAllocation_Details","PK__TblVehicleAlloca__45177D8F","ID","1"
"Adnan","dbo","TblVehicleOperatorOrder","PK__TblVehicleOperat__67F6A578","ID","1"
"Adnan","dbo","TblVehicleType","PK__TblVehicleType__5A9CAA5A","ID","1"
"Adnan","dbo","TblVending","PK__TblVending__0FCF8CA8","ID","1"
"Adnan","dbo","TblVendorCars","PK__TblVendorCars__3D765BC7","ID","1"
"Adnan","dbo","TblVendorContract","PK__TblVendorContrac__19B68790","TblVendorContractD","1"
"Adnan","dbo","TblVendorContractDetails","PK__TblVendorContrac__2AE11392","Id","1"
"Adnan","dbo","TblVendorReceipt","PK__TblVendorReceipt__1162CF5F","ID","1"
"Adnan","dbo","TblVendorReceipt_Details","PK__TblVendorReceipt__134B17D1","ID","1"
"Adnan","dbo","TblView","PK__TblView__11D7D0AB","id","1"
"Adnan","dbo","TblViolationGroups","PK__TblViolationGrou__420606BA","ID","1"
"Adnan","dbo","TblViolationTypes","PK__TblViolationType__639C04AF","ID","1"
"Adnan","dbo","TblVisit","PK__TblVisit__7B9389D1","ID","1"
"Adnan","dbo","TblVisitScreen","PK__TblVisitScreen__7F641AB5","ID","1"
"Adnan","dbo","TblVocation","PK__TblVocation__07996E03","ID","1"
"Adnan","dbo","TblVocationEntitlements","PK__TblVocationEntit__1D098C35","ID","1"
"Adnan","dbo","TblVocationEntitlementsDet","PK__TblVocationEntit__1EF1D4A7","ID","1"
"Adnan","dbo","TblVOODetails","PK__TblVOODetails__69DEEDEA","ID","1"
"Adnan","dbo","TblWaiverCont","PK__TblWaiverCont__46CABBD7","ID","1"
"Adnan","dbo","TblWarrantyOffer","PK__TblWarrantyOffer__7921317A","ID","1"
"Adnan","dbo","TblWarrantyOfferDet","PK__TblWarrantyOffer__7BFD9E25","ID","1"
"Adnan","dbo","TblWorkFollow","PK__TblWorkFollow__4600B4D0","CWorkFollowid","1"
"Adnan","dbo","TblWorkOrdersData","PK_TblWorkOrdersData","WorkOrderID","1"
"Adnan","dbo","tblworkshop","PK__tblworkshop__3219B7B4","DeparmentID","1"
"Adnan","dbo","TblXmlData","PK__TblXmlData__30C66C1F","ID","1"
"Adnan","dbo","TblXXArch","PK__TblXXArch__45026EF6","ID","1"
"Adnan","dbo","TblXXArchDocType","PK__TblXXArchDocType__4CA390BE","ID","1"
"Adnan","dbo","TblXXBox","PK__TblXXBox__48D2FFDA","ID","1"
"Adnan","dbo","TblXXRoom","PK__TblXXRoom__46EAB768","ID","1"
"Adnan","dbo","TblXXShelf","PK__TblXXShelf__4ABB484C","ID","1"
"Adnan","dbo","TblYearFact","PK__TblYearFact__726946F3","Id","1"
"Adnan","dbo","TblyearsData","PK__TblyearsData__571F8883","TblyearsDataid","1"
"Adnan","dbo","TbVisa","PK__TbVisa__053202A4","ID","1"
"Adnan","dbo","TbVisaDeti","PK__TbVisaDeti__071A4B16","ID","1"
"Adnan","dbo","Technicians","PK__Technicians__6934E274","ID","1"
"Adnan","dbo","Technicians1","PK__Technicians1__6D057358","ID","1"
"Adnan","dbo","TempBoxStockTable","PK_TempBoxStockTable","BoxID","1"
"Adnan","dbo","TempBoxStockTable","PK_TempBoxStockTable","BoxStockDate","2"
"Adnan","dbo","Templates","PK_Templates","TemplateID","1"
"Adnan","dbo","templates_detailsnew","PK_templates_details","opr_id","1"
"Adnan","dbo","templatesnew","PK_templatesnew","templates_id","1"
"Adnan","dbo","tmpAccount","PK__tmpAccount__5EAD3260","AdvanceID","1"
"Adnan","dbo","TmpItemsQty","PK__TmpItemsQty__22CD5283","ID","1"
"Adnan","dbo","tmpPos33","PK__tmpPos33__566CF21A","ID","1"
"Adnan","dbo","tmptblEInvoice","PK__tmptblEI__3214EC27163ED357","ID","1"
"Adnan","dbo","Transaction_Details","PK_Transaction_Details","ID","1"
"Adnan","dbo","Transaction_Details2","PK_Transaction_Details2","ID","1"
"Adnan","dbo","Transaction_DetailsPump","PK__Transact__3214EC27994185D0","ID","1"
"Adnan","dbo","Transactions","PK_Transactions","Transaction_ID","1"
"Adnan","dbo","Transactions2","PK_Transactions2","Transaction_ID","1"
"Adnan","dbo","TransactionsCreteria","PK__TransactionsCret__6A090B1C","id","1"
"Adnan","dbo","TransactionsValues","PK__TransactionsValu__6FC1E472","id","1"
"Adnan","dbo","transactionsVatDetails","PK__transact__3214EC275C8C493F","ID","1"
"Adnan","dbo","TransactionTypes","PK_TransactionTypes","Transaction_Type","1"
"Adnan","dbo","TransactionValueAdded","PK__TransactionValue__5DCE1CC0","ID","1"
"Adnan","dbo","Translations","PK__Translations__661949FE","ID","1"
"Adnan","dbo","Translations2","PK__Translations2__68019270","ID","1"
"Adnan","dbo","TravKItemDet","PK__TravKItemDet__1F9BE01D","ID","1"
"Adnan","dbo","TravKItemDet1","PK__TravKItemDet1__489DF5B0","ID","1"
"Adnan","dbo","UnitsIndustrialCost","PK__UnitsIndustrialC__05DA776C","id","1"
"Adnan","dbo","UnitsIndustrialCostDetails","PK__UnitsIndustrialC__07C2BFDE","id","1"
"Adnan","dbo","UpdatesoldunitNo","PK__UpdatesoldunitNo__0D131B8E","ID","1"
"Adnan","dbo","VatTypes","PK__VatTypes__04E7E9E1","ID","1"
